0,Jaslyn,Alden,989-917-4090,consumer0@yahoo.com
1,Adan,Zoe,480-593-9665,consumer1@yahoo.com
2,Dane,Ryann,664-258-4999,consumer2@yahoo.com
3,Lainey,Hung,951-682-7782,consumer3@yahoo.com
4,Darrin,Candace,214-151-5102,consumer4@yahoo.com
5,Exa,Irva,700-673-3694,consumer5@yahoo.com
6,Magen,Jamya,820-462-9905,consumer6@gmail.com
7,Bunk,Elisabeth,354-808-9409,consumer7@gmail.com
8,Erwin,Elsworth,521-450-7956,consumer8@yahoo.com
9,Tami,Leeroy,795-252-6305,consumer9@yahoo.com
10,Abigayle,Elvira,432-816-3508,consumer10@gmail.com
11,Margarette,Levi,945-127-4249,consumer11@yahoo.com
12,Cyntha,Britany,394-559-7598,consumer12@yahoo.com
13,Katharina,Iesha,631-223-1520,consumer13@yahoo.com
14,Iyanna,Juwan,187-529-2960,consumer14@gmail.com
15,Myer,Juluis,924-511-7276,consumer15@gmail.com
16,Edna,Willy,492-155-1393,consumer16@gmail.com
17,Jagger,Claudio,495-521-3730,consumer17@yahoo.com
18,Kennth,Dominique,341-942-6484,consumer18@yahoo.com
19,Eola,Doreen,336-359-6824,consumer19@yahoo.com
20,Ole,Hardie,525-491-8873,consumer20@gmail.com
21,Nelson,Edris,251-728-4267,consumer21@yahoo.com
22,Pricilla,Katy,117-729-1110,consumer22@gmail.com
23,Kassandra,Milly,249-883-4829,consumer23@yahoo.com
24,Celie,Carlyle,828-390-9201,consumer24@gmail.com
25,Eloise,Glynis,449-921-5426,consumer25@gmail.com
26,Joe,Mindi,677-137-8372,consumer26@gmail.com
27,Stevan,Lillard,275-675-2351,consumer27@yahoo.com
28,Ariel,Millard,105-517-9995,consumer28@yahoo.com
29,Katy,Sydney,652-278-2784,consumer29@gmail.com
30,Scarlet,Linton,635-864-4464,consumer30@gmail.com
31,Lamarcus,Dakotah,580-567-8915,consumer31@yahoo.com
32,Frank,Luverne,360-100-2313,consumer32@yahoo.com
33,Clemon,Randal,939-546-3225,consumer33@yahoo.com
34,Tennille,Pratt,707-845-6858,consumer34@gmail.com
35,Tisa,Fanny,499-210-4322,consumer35@gmail.com
36,Hampton,Becky,236-947-5480,consumer36@yahoo.com
37,Del,Mayme,407-756-6542,consumer37@gmail.com
38,Jeannine,Eustace,862-249-3762,consumer38@yahoo.com
39,Aisha,Keanu,869-581-3855,consumer39@gmail.com
40,Trinity,Guthrie,197-230-7907,consumer40@gmail.com
41,Nannie,Ashley,965-873-5911,consumer41@gmail.com
42,Illya,Courtney,414-717-6200,consumer42@gmail.com
43,Graydon,Archie,108-793-9889,consumer43@gmail.com
44,Savion,Brandee,488-267-4307,consumer44@gmail.com
45,Avah,Sherwin,825-630-9483,consumer45@gmail.com
46,Claudio,Adelyn,503-318-7948,consumer46@yahoo.com
47,Tremaine,Lexis,529-117-3012,consumer47@gmail.com
48,Lora,Andre,188-386-9754,consumer48@yahoo.com
49,Lurena,Guss,147-745-8401,consumer49@gmail.com
50,Cherri,Travon,261-163-5514,consumer50@gmail.com
51,Tayler,Kaleigh,769-910-5284,consumer51@yahoo.com
52,Citlali,Mabelle,810-865-2137,consumer52@yahoo.com
53,Peter,Lollie,643-356-2973,consumer53@gmail.com
54,Yvonne,Emory,164-559-6403,consumer54@gmail.com
55,Yajaira,Myrtice,813-484-5432,consumer55@gmail.com
56,Kittie,Burns,257-646-7993,consumer56@yahoo.com
57,Valorie,Kent,885-783-3281,consumer57@gmail.com
58,Elfie,Valerie,560-922-9763,consumer58@yahoo.com
59,Alexander,Eben,320-434-1754,consumer59@gmail.com
60,Estrella,Urijah,138-283-8763,consumer60@gmail.com
61,Lular,Olena,682-933-4219,consumer61@gmail.com
62,Medora,Dyllan,334-597-3520,consumer62@gmail.com
63,Michell,Delila,639-591-8027,consumer63@yahoo.com
64,Maia,Faye,589-871-1233,consumer64@gmail.com
65,Robbin,Monika,597-275-1625,consumer65@yahoo.com
66,Fronia,Collier,891-886-7032,consumer66@gmail.com
67,Danny,Baxter,402-532-3252,consumer67@yahoo.com
68,Luciana,Julian,780-231-5496,consumer68@yahoo.com
69,Immanuel,Mart,329-486-8347,consumer69@gmail.com
70,Edd,Marilla,412-779-9726,consumer70@yahoo.com
71,Etta,Marian,879-718-7401,consumer71@yahoo.com
72,Barton,Sophia,230-520-2178,consumer72@gmail.com
73,Dollie,Tristin,701-505-1079,consumer73@yahoo.com
74,Ruth,Effa,768-281-5878,consumer74@yahoo.com
75,Brodie,Louella,966-225-9912,consumer75@gmail.com
76,Ewin,Unnamed,983-859-5335,consumer76@yahoo.com
77,Mercer,Mistie,801-237-6775,consumer77@gmail.com
78,Danielle,Dayne,633-448-2911,consumer78@gmail.com
79,Buel,Ginger,901-889-2797,consumer79@gmail.com
80,Emmit,Tyreese,599-105-9905,consumer80@yahoo.com
81,Ilah,Katy,788-207-2750,consumer81@yahoo.com
82,Tripp,Lafe,471-365-5104,consumer82@gmail.com
83,Jabez,Genie,141-657-3076,consumer83@yahoo.com
84,Hudson,Eboni,893-829-2242,consumer84@gmail.com
85,Jaron,Roll,327-431-4272,consumer85@gmail.com
86,Elton,Aurelio,209-577-2140,consumer86@gmail.com
87,Cameron,Renaldo,446-641-2939,consumer87@yahoo.com
88,Cristal,Elaine,548-355-3111,consumer88@yahoo.com
89,Lahoma,Hildred,433-885-1828,consumer89@yahoo.com
90,Milford,Cathleen,304-179-8448,consumer90@yahoo.com
91,Dino,Brooklyn,929-134-8827,consumer91@yahoo.com
92,Gennaro,Margaret,473-485-1998,consumer92@gmail.com
93,Franco,Auther,364-832-7683,consumer93@gmail.com
94,Remington,Bynum,849-104-9830,consumer94@gmail.com
95,Isis,Mozell,801-518-4876,consumer95@gmail.com
96,Sherree,Levy,229-648-1577,consumer96@gmail.com
97,Elian,Lauri,108-710-7872,consumer97@gmail.com
98,Mathews,Imo,186-610-7498,consumer98@gmail.com
99,Shyann,Bobbie,855-580-2071,consumer99@yahoo.com
100,Terrell,Imo,204-517-6584,consumer100@gmail.com
101,Minerva,Dimitrios,746-590-6846,consumer101@gmail.com
102,Fronia,Karlene,393-601-4610,consumer102@yahoo.com
103,Francies,Jeanne,156-918-3789,consumer103@yahoo.com
104,Vester,Margarite,551-921-4080,consumer104@gmail.com
105,Robert,Latrell,156-581-1277,consumer105@yahoo.com
106,Liza,Vesta,159-650-6546,consumer106@gmail.com
107,Tena,Dick,296-366-8005,consumer107@yahoo.com
108,Robb,Maxim,705-176-5142,consumer108@gmail.com
109,Amparo,Siena,609-949-9834,consumer109@gmail.com
110,Gray,Cinthia,796-767-7000,consumer110@gmail.com
111,Gunnar,Sherman,695-513-2851,consumer111@gmail.com
112,Ashli,Pinkey,417-379-6021,consumer112@gmail.com
113,Derick,Mickey,632-379-7833,consumer113@yahoo.com
114,Alina,Jeremey,137-895-7787,consumer114@yahoo.com
115,Aracely,Oakley,164-147-6515,consumer115@gmail.com
116,Dezzie,Ruffus,379-792-6334,consumer116@gmail.com
117,Orren,Doshia,302-280-3998,consumer117@gmail.com
118,Elex,Adalberto,966-609-3334,consumer118@yahoo.com
119,Stephania,Nakia,627-633-4564,consumer119@gmail.com
120,Ammon,Winston,590-786-1455,consumer120@gmail.com
121,Euna,Brayden,800-792-9476,consumer121@gmail.com
122,Conway,Idabelle,397-768-1018,consumer122@yahoo.com
123,Jovita,Lissie,288-979-9525,consumer123@yahoo.com
124,Almyra,Taurus,285-128-8258,consumer124@yahoo.com
125,Jamarcus,Tami,672-907-9174,consumer125@gmail.com
126,Kanye,Francesco,683-424-3644,consumer126@gmail.com
127,Harl,Thora,156-963-4444,consumer127@yahoo.com
128,Demian,Mathilde,373-478-7563,consumer128@gmail.com
129,Ilda,Louann,149-495-2687,consumer129@gmail.com
130,Benji,Tilda,535-887-2160,consumer130@gmail.com
131,Shawnna,Irene,300-234-1729,consumer131@gmail.com
132,Giovanni,Arlene,152-131-7199,consumer132@yahoo.com
133,Christop,Jasiah,984-348-5451,consumer133@yahoo.com
134,Jasmyn,Miley,406-426-9228,consumer134@yahoo.com
135,Faustino,Riya,698-982-2346,consumer135@gmail.com
136,Heaven,Jake,568-725-8025,consumer136@gmail.com
137,Christie,Bethany,578-558-6569,consumer137@gmail.com
138,Stephon,Tom,702-802-8792,consumer138@gmail.com
139,Bascom,Jerel,908-187-9825,consumer139@yahoo.com
140,Sammy,Daijah,427-667-5134,consumer140@gmail.com
141,Artie,Helyn,562-492-4819,consumer141@yahoo.com
142,Najee,Eleonora,774-809-7010,consumer142@yahoo.com
143,Oris,Gaige,931-568-7805,consumer143@gmail.com
144,Haven,Elbridge,539-817-6890,consumer144@yahoo.com
145,Aleena,Leonie,364-219-1668,consumer145@gmail.com
146,Braedon,Foster,712-199-5888,consumer146@yahoo.com
147,Billie,Clarance,865-662-1607,consumer147@gmail.com
148,Butch,Brinda,726-419-9308,consumer148@gmail.com
149,Jesica,Maritza,483-771-5530,consumer149@yahoo.com
150,Clearence,Darcy,977-892-2065,consumer150@yahoo.com
151,Loris,Dayami,904-141-2996,consumer151@yahoo.com
152,Pearley,Ethelbert,655-593-6527,consumer152@gmail.com
153,Nelly,Jaydan,504-467-8590,consumer153@gmail.com
154,Hartley,Reagan,654-181-8669,consumer154@yahoo.com
155,Araminta,Elnora,581-805-6530,consumer155@yahoo.com
156,Emmit,Laquita,756-332-9307,consumer156@yahoo.com
157,Thresa,Liberty,614-371-3097,consumer157@yahoo.com
158,Delmus,Valarie,175-374-4987,consumer158@yahoo.com
159,Mariyah,Dirk,528-179-1758,consumer159@gmail.com
160,Isaac,Makena,231-152-9553,consumer160@yahoo.com
161,Suzette,Chelsey,695-232-5187,consumer161@gmail.com
162,Dominique,Nikita,112-216-8903,consumer162@gmail.com
163,Tracy,Lon,106-571-2138,consumer163@yahoo.com
164,Jess,Cheryl,480-459-9730,consumer164@gmail.com
165,Madilynn,Denver,903-323-2816,consumer165@yahoo.com
166,Domenica,Twyla,418-744-5005,consumer166@gmail.com
167,Estie,Davonta,284-247-9619,consumer167@yahoo.com
168,Mickie,Dulce,457-139-8367,consumer168@gmail.com
169,Dosia,Jonell,405-297-3993,consumer169@yahoo.com
170,Sharron,Manervia,845-423-3364,consumer170@yahoo.com
171,Clem,Valery,140-126-6721,consumer171@gmail.com
172,Reginald,Cris,897-591-4895,consumer172@yahoo.com
173,Millard,Hal,336-525-2904,consumer173@gmail.com
174,Nakita,Santos,850-497-7112,consumer174@yahoo.com
175,Otelia,Wilhelmina,780-695-2981,consumer175@yahoo.com
176,Rayshawn,Aiyana,456-191-6482,consumer176@yahoo.com
177,Braylen,Kipp,771-163-7516,consumer177@yahoo.com
178,Nyasia,Hortense,913-633-5809,consumer178@gmail.com
179,Maebell,Ruthie,157-795-4781,consumer179@yahoo.com
180,Emerald,Stanislaus,219-731-2733,consumer180@gmail.com
181,Racheal,Izabelle,508-205-8665,consumer181@gmail.com
182,Ferdinand,Alyssia,898-144-9608,consumer182@yahoo.com
183,Jordan,Mari,437-516-2618,consumer183@gmail.com
184,Toshiko,Jensen,320-494-3451,consumer184@yahoo.com
185,Alysa,Audie,715-381-9355,consumer185@yahoo.com
186,Harlen,Ronna,335-434-9914,consumer186@yahoo.com
187,Barnard,Margaretta,816-424-5640,consumer187@gmail.com
188,Tavon,Manson,484-686-6984,consumer188@yahoo.com
189,Laila,Tamera,864-106-5896,consumer189@gmail.com
190,Darcy,Caro,621-835-5641,consumer190@gmail.com
191,Verona,Lexus,353-132-3628,consumer191@gmail.com
192,Tavion,Alida,354-182-3228,consumer192@gmail.com
193,Ethel,Latesha,656-958-9719,consumer193@yahoo.com
194,Alois,Aline,420-664-7531,consumer194@gmail.com
195,Esker,Deion,199-379-2619,consumer195@yahoo.com
196,Jaxon,Hana,612-985-9620,consumer196@gmail.com
197,Britny,Barrie,681-707-3982,consumer197@gmail.com
198,Etha,Alva,650-513-8617,consumer198@gmail.com
199,Solon,Fumiko,761-354-8511,consumer199@yahoo.com
200,Max,Immanuel,355-765-6267,consumer200@gmail.com
201,Tyrek,Ferdinand,458-932-6126,consumer201@gmail.com
202,Zeno,Yolonda,533-599-2879,consumer202@gmail.com
203,Baron,Chadrick,955-256-6019,consumer203@gmail.com
204,Ami,Hedwig,587-213-9159,consumer204@gmail.com
205,Lula,Lavinia,588-949-2621,consumer205@yahoo.com
206,Rafe,Banks,629-934-9646,consumer206@yahoo.com
207,Candy,Fleda,561-564-4520,consumer207@gmail.com
208,Octavio,Ferris,957-722-8435,consumer208@gmail.com
209,Daijah,Ericka,953-311-3207,consumer209@yahoo.com
210,Garth,Lovell,812-457-9676,consumer210@gmail.com
211,Eula,Venice,987-586-9193,consumer211@gmail.com
212,Aurore,Yoshiko,658-593-3923,consumer212@yahoo.com
213,Jordyn,Loula,175-789-7791,consumer213@gmail.com
214,Sharyl,Delma,373-795-9517,consumer214@gmail.com
215,Amparo,Gearldine,471-376-2602,consumer215@yahoo.com
216,Vicie,Therese,589-516-9622,consumer216@gmail.com
217,Rosamond,Tennessee,962-579-6763,consumer217@gmail.com
218,Ayanna,Keeley,539-796-9533,consumer218@yahoo.com
219,Yadira,Kamora,768-917-2322,consumer219@yahoo.com
220,Alphons,Patti,250-852-6830,consumer220@yahoo.com
221,Sylvan,Bryan,674-813-3967,consumer221@yahoo.com
222,Clemon,Jimmie,240-247-3316,consumer222@yahoo.com
223,Joseline,Rose,633-805-9518,consumer223@yahoo.com
224,Kelis,Neoma,627-485-3724,consumer224@yahoo.com
225,Elinor,Roslyn,466-805-3418,consumer225@gmail.com
226,Hurley,Rosco,469-398-4599,consumer226@yahoo.com
227,Kymani,Nya,994-428-7269,consumer227@yahoo.com
228,Joann,Halle,221-349-2851,consumer228@yahoo.com
229,Nevada,Nannie,507-128-5516,consumer229@gmail.com
230,Scottie,Alvaro,480-200-7952,consumer230@yahoo.com
231,Lorelei,Mckenzie,591-510-2949,consumer231@gmail.com
232,Guthrie,Nelia,307-429-9688,consumer232@yahoo.com
233,Tanesha,Kelsie,503-689-6791,consumer233@yahoo.com
234,Olivia,Crystal,139-273-5291,consumer234@yahoo.com
235,Krystal,Oral,772-627-9764,consumer235@gmail.com
236,Marcie,Atlas,220-108-1626,consumer236@yahoo.com
237,Kiarra,Medora,790-667-9822,consumer237@gmail.com
238,Bob,Harlene,481-505-1642,consumer238@gmail.com
239,Tatia,Louisa,348-649-2005,consumer239@gmail.com
240,Jaydin,Karren,826-953-2433,consumer240@yahoo.com
241,Hester,Somer,952-405-2918,consumer241@gmail.com
242,Guilford,Alva,618-970-7234,consumer242@gmail.com
243,Dorthy,Zackery,634-521-2980,consumer243@gmail.com
244,Connor,Amelie,169-371-9308,consumer244@gmail.com
245,Imelda,Jazmyn,329-611-9349,consumer245@gmail.com
246,Damaris,Pearle,177-618-4469,consumer246@yahoo.com
247,Darold,Goldia,293-193-5524,consumer247@yahoo.com
248,Zigmund,Elwin,621-406-9922,consumer248@yahoo.com
249,Carie,Dereck,223-195-7297,consumer249@gmail.com
250,Abigayle,Felix,220-518-8526,consumer250@gmail.com
251,Mariann,Tomie,962-706-3434,consumer251@gmail.com
252,Haylie,Corwin,889-301-4186,consumer252@yahoo.com
253,Ulises,Sheyla,534-886-7452,consumer253@gmail.com
254,Khalilah,Sampson,578-713-1299,consumer254@yahoo.com
255,Celia,Danika,912-655-7128,consumer255@gmail.com
256,Orra,Kandice,554-832-5397,consumer256@gmail.com
257,Eddy,Shad,600-588-4335,consumer257@gmail.com
258,Asbury,Marquez,751-782-6887,consumer258@gmail.com
259,Florie,Obie,507-571-2545,consumer259@yahoo.com
260,Reid,Zilpha,757-235-4219,consumer260@yahoo.com
261,Terance,Cade,285-608-1963,consumer261@yahoo.com
262,Brandie,Anwar,850-673-6342,consumer262@yahoo.com
263,Drema,Syed,396-922-6587,consumer263@gmail.com
264,Alexia,Anwar,448-734-4963,consumer264@gmail.com
265,Marsha,Barnie,978-952-9071,consumer265@yahoo.com
266,Ophelia,Erwin,803-901-1796,consumer266@gmail.com
267,Rowena,Williams,112-479-2787,consumer267@gmail.com
268,Del,Vonda,225-153-3522,consumer268@gmail.com
269,Deric,Greta,356-175-6587,consumer269@yahoo.com
270,Dorthea,Quint,148-590-9196,consumer270@yahoo.com
271,Joseph,Maximo,651-550-2838,consumer271@gmail.com
272,Seth,Alivia,799-808-6558,consumer272@gmail.com
273,Irvine,Camila,847-388-8789,consumer273@gmail.com
274,Chiquita,Trever,104-208-9904,consumer274@yahoo.com
275,Cullen,Jannette,891-799-9040,consumer275@gmail.com
276,Bria,Kandi,933-253-4230,consumer276@yahoo.com
277,Judge,Theodocia,731-662-3862,consumer277@gmail.com
278,Bernhard,Tasha,909-424-2088,consumer278@yahoo.com
279,Hedy,Irva,756-638-3221,consumer279@gmail.com
280,Mandi,Gabriel,462-903-2484,consumer280@yahoo.com
281,Dale,Shade,339-549-6103,consumer281@gmail.com
282,Jacky,Birtie,631-332-9548,consumer282@gmail.com
283,Marinda,Tess,504-100-6393,consumer283@gmail.com
284,Hoover,Kiel,395-197-3848,consumer284@gmail.com
285,Shawnte,Bilal,161-604-2768,consumer285@gmail.com
286,Solon,Shari,139-254-4697,consumer286@yahoo.com
287,Edith,Manila,688-172-7387,consumer287@yahoo.com
288,Chuck,Glynda,132-252-2291,consumer288@yahoo.com
289,Benito,Brandt,330-586-8741,consumer289@yahoo.com
290,Philip,Paralee,612-761-5634,consumer290@yahoo.com
291,Odalis,Sage,524-172-6598,consumer291@gmail.com
292,Eduardo,Orvis,305-114-3151,consumer292@yahoo.com
293,Aliya,Ada,494-388-2996,consumer293@gmail.com
294,Luella,Reid,627-949-1603,consumer294@gmail.com
295,Arman,Olar,586-977-8865,consumer295@yahoo.com
296,Tonda,Jackie,339-199-1925,consumer296@yahoo.com
297,Miguelangel,Terance,572-482-9902,consumer297@yahoo.com
298,Windy,Margueritta,237-142-3364,consumer298@yahoo.com
299,Leta,Masako,497-888-6360,consumer299@yahoo.com
300,Shanice,Brannon,608-692-3862,consumer300@yahoo.com
301,Claudius,Vicy,986-927-6186,consumer301@yahoo.com
302,Zeb,Dirk,301-617-7477,consumer302@gmail.com
303,Floretta,Elna,362-501-6712,consumer303@gmail.com
304,Orilla,Mandi,159-413-1826,consumer304@yahoo.com
305,Sherilyn,Camille,908-286-8644,consumer305@yahoo.com
306,Hansel,Aurthur,872-392-5121,consumer306@yahoo.com
307,Duwayne,Donnell,151-132-3722,consumer307@gmail.com
308,Cathi,Iyanna,740-274-9583,consumer308@gmail.com
309,Clide,Amara,301-993-6363,consumer309@gmail.com
310,Yancy,Elmer,143-190-9231,consumer310@gmail.com
311,Jacki,Michelina,491-420-8885,consumer311@gmail.com
312,Evalyn,Elsa,523-749-4586,consumer312@yahoo.com
313,Jaiden,Jo,427-209-6542,consumer313@yahoo.com
314,Royal,Arnie,922-754-2090,consumer314@yahoo.com
315,Shamar,Brianna,748-828-3720,consumer315@gmail.com
316,Brenna,Alys,534-247-2261,consumer316@yahoo.com
317,Kendra,Fernanda,583-868-3179,consumer317@yahoo.com
318,Cheryll,Diego,707-104-3862,consumer318@gmail.com
319,Bree,Belva,235-490-3125,consumer319@gmail.com
320,Abb,Adam,846-388-8275,consumer320@gmail.com
321,Allene,Gwyneth,447-707-1147,consumer321@gmail.com
322,Unique,Cale,991-772-8829,consumer322@gmail.com
323,Ada,Birt,392-894-4970,consumer323@yahoo.com
324,Windell,Star,782-642-6856,consumer324@yahoo.com
325,Shelvia,Prentice,996-740-1322,consumer325@yahoo.com
326,Zoie,Cortney,425-302-4046,consumer326@gmail.com
327,Montgomery,Christ,135-499-2887,consumer327@yahoo.com
328,Ami,Baker,420-992-5830,consumer328@yahoo.com
329,Taj,Asberry,602-780-7009,consumer329@yahoo.com
330,Rollin,Acy,438-608-7754,consumer330@yahoo.com
331,Yancy,Ignacio,475-170-2058,consumer331@yahoo.com
332,Eunice,Presley,683-819-2076,consumer332@yahoo.com
333,Siddie,Bryanna,566-660-9112,consumer333@gmail.com
334,Hudson,Classie,726-104-4111,consumer334@gmail.com
335,Hershel,Armand,927-492-7064,consumer335@gmail.com
336,Gordon,Miner,858-187-9508,consumer336@yahoo.com
337,Clement,Melonie,906-238-3659,consumer337@yahoo.com
338,Zena,Lincoln,528-468-3545,consumer338@gmail.com
339,Katrina,Bayard,844-869-8405,consumer339@yahoo.com
340,Yuliana,Sydney,236-213-8806,consumer340@gmail.com
341,Chet,Leland,757-929-6907,consumer341@gmail.com
342,Rashawn,Easter,456-936-2321,consumer342@yahoo.com
343,Mariyah,Brad,128-406-7152,consumer343@yahoo.com
344,Lorelei,Gustie,267-657-4607,consumer344@gmail.com
345,Damon,Weston,453-388-4616,consumer345@yahoo.com
346,Freeda,Hayward,787-915-1985,consumer346@gmail.com
347,Zollie,Aisha,355-478-7331,consumer347@yahoo.com
348,Andria,Eulalia,298-133-8176,consumer348@yahoo.com
349,Ridge,Jedediah,686-773-4810,consumer349@gmail.com
350,Lucina,Cloe,971-625-6719,consumer350@gmail.com
351,Sheldon,Lorenza,408-651-8965,consumer351@gmail.com
352,Margie,Rhoda,661-125-2640,consumer352@yahoo.com
353,Tatia,Helma,930-945-4434,consumer353@gmail.com
354,Keshia,Tyra,430-511-7181,consumer354@yahoo.com
355,Brylee,Adrienne,796-249-3427,consumer355@gmail.com
356,Carolyne,Madison,346-905-4317,consumer356@gmail.com
357,Aubree,Hansford,515-134-9327,consumer357@gmail.com
358,Kaylie,Barnard,858-531-8528,consumer358@yahoo.com
359,Kristofer,Desirae,964-975-3655,consumer359@yahoo.com
360,Kandi,Nicola,142-247-8781,consumer360@yahoo.com
361,Izayah,Trystan,118-957-7525,consumer361@gmail.com
362,Elroy,Ashlee,592-889-5986,consumer362@gmail.com
363,Emmalee,Drake,756-242-8148,consumer363@yahoo.com
364,Margarite,Kristie,678-304-2649,consumer364@gmail.com
365,Amil,Princess,852-549-2708,consumer365@yahoo.com
366,Shantell,Vinton,933-285-2785,consumer366@gmail.com
367,Arvel,Mariyah,115-807-7863,consumer367@yahoo.com
368,Isobel,Chuck,895-516-2194,consumer368@gmail.com
369,Dante,Rayna,734-812-9504,consumer369@yahoo.com
370,Shona,Renada,444-270-4504,consumer370@gmail.com
371,Alabama,Kennedy,775-251-9452,consumer371@yahoo.com
372,Stacey,Nicki,207-289-8400,consumer372@gmail.com
373,Sarai,Simeon,256-374-8615,consumer373@yahoo.com
374,Robbie,Keandre,983-608-1507,consumer374@gmail.com
375,Aniya,Isaac,776-506-4053,consumer375@yahoo.com
376,Donn,Mohammed,667-187-2245,consumer376@gmail.com
377,Finley,Stefanie,646-620-6181,consumer377@gmail.com
378,Nannie,Cael,748-145-3823,consumer378@gmail.com
379,Elaina,Clinton,658-175-2191,consumer379@gmail.com
380,Clarisa,Ashlyn,690-170-7579,consumer380@gmail.com
381,Aiden,Marcia,393-524-9968,consumer381@yahoo.com
382,Roseanne,Vilma,194-312-6423,consumer382@gmail.com
383,Messiah,Samara,438-108-4735,consumer383@yahoo.com
384,Thomasina,Victory,694-350-2098,consumer384@gmail.com
385,Myles,Belen,266-551-2358,consumer385@yahoo.com
386,Tad,Kolten,492-552-9599,consumer386@yahoo.com
387,Nina,Markel,827-566-4182,consumer387@yahoo.com
388,Trinidad,Marita,585-208-5085,consumer388@yahoo.com
389,Terese,Alessandra,705-550-6265,consumer389@yahoo.com
390,Greene,Bernardine,358-682-3919,consumer390@yahoo.com
391,Emry,Hollie,117-773-8996,consumer391@gmail.com
392,Magdalena,Jerry,530-690-1439,consumer392@yahoo.com
393,Trey,Amit,380-717-3181,consumer393@gmail.com
394,Billye,Lessie,940-319-7868,consumer394@gmail.com
395,Ignatius,Dana,969-674-1427,consumer395@gmail.com
396,Cristine,Gwenda,788-450-4489,consumer396@gmail.com
397,Alvy,Jacoby,860-851-3299,consumer397@gmail.com
398,Rayna,Edmonia,327-895-4430,consumer398@gmail.com
399,Willie,Demi,290-651-6973,consumer399@gmail.com
400,Samie,Gregorio,641-402-6455,consumer400@gmail.com
401,Annamae,Madeleine,138-823-4940,consumer401@gmail.com
402,Diane,Lorine,990-823-7382,consumer402@gmail.com
403,Jarad,Helaine,636-352-4240,consumer403@gmail.com
404,Blanch,Tyra,984-307-5062,consumer404@yahoo.com
405,Brionna,Arah,650-769-9021,consumer405@yahoo.com
406,Elliana,Frederick,419-105-8803,consumer406@gmail.com
407,Rae,Alston,404-243-4282,consumer407@gmail.com
408,Marisol,Orma,618-633-8470,consumer408@gmail.com
409,Tena,Eura,662-987-6472,consumer409@gmail.com
410,Francesco,Sherryl,554-992-6254,consumer410@yahoo.com
411,Fenton,Jaidyn,741-912-9102,consumer411@yahoo.com
412,Hansford,Arnoldo,224-628-7724,consumer412@gmail.com
413,Diann,Hideo,286-271-7467,consumer413@yahoo.com
414,Schley,Maxine,370-121-9517,consumer414@yahoo.com
415,Claudie,Kelvin,926-543-8070,consumer415@yahoo.com
416,Brandyn,Dalvin,391-117-1516,consumer416@gmail.com
417,Brylee,Caiden,261-304-9118,consumer417@gmail.com
418,Alverda,John,887-999-8455,consumer418@gmail.com
419,Jacquelynn,Natalie,622-229-7981,consumer419@yahoo.com
420,Latasha,Reuben,438-875-3769,consumer420@gmail.com
421,Charlize,Maximilian,752-117-4738,consumer421@gmail.com
422,Cheyanne,Ari,425-258-8516,consumer422@yahoo.com
423,Schuyler,Oris,688-646-6880,consumer423@gmail.com
424,Yamilet,Duff,751-926-8171,consumer424@yahoo.com
425,Felice,Harvie,478-802-4300,consumer425@gmail.com
426,Nolie,Felipe,317-451-5458,consumer426@yahoo.com
427,Kalvin,Paulo,166-145-8197,consumer427@yahoo.com
428,Vella,Luc,478-877-9196,consumer428@gmail.com
429,Evelyne,Yasmine,579-236-7393,consumer429@yahoo.com
430,Elinor,Louella,348-219-5687,consumer430@yahoo.com
431,Samie,Donte,305-919-8147,consumer431@yahoo.com
432,Epsie,Livia,806-949-3478,consumer432@yahoo.com
433,Jazmin,Albion,849-399-8373,consumer433@gmail.com
434,Ann,Yamilex,695-917-8508,consumer434@gmail.com
435,Jeanna,Melva,343-227-1803,consumer435@yahoo.com
436,Olene,Pinkie,323-452-3926,consumer436@yahoo.com
437,Rand,Deron,566-531-7762,consumer437@yahoo.com
438,Kellan,Wood,448-702-9012,consumer438@yahoo.com
439,Bethany,Cale,217-493-8923,consumer439@yahoo.com
440,King,Chet,529-307-3535,consumer440@yahoo.com
441,Queen,Zhane,335-384-1548,consumer441@gmail.com
442,Crissy,Kimberli,774-729-4600,consumer442@yahoo.com
443,Add,Cherelle,825-464-4614,consumer443@gmail.com
444,Burrel,Romaine,425-854-5707,consumer444@yahoo.com
445,Xavier,Marie,816-689-2378,consumer445@yahoo.com
446,Hildur,Cordaro,636-599-8926,consumer446@yahoo.com
447,Rudy,Clarissa,388-953-6173,consumer447@yahoo.com
448,Iva,Dale,347-762-1843,consumer448@gmail.com
449,Deandre,Lita,891-714-5493,consumer449@yahoo.com
450,Casey,Godfrey,761-629-7928,consumer450@gmail.com
451,Mintie,Colon,395-721-2217,consumer451@yahoo.com
452,Kathleen,Bee,915-683-8428,consumer452@yahoo.com
453,Velvet,Brant,834-656-8549,consumer453@gmail.com
454,Doreen,Alecia,740-995-7214,consumer454@gmail.com
455,Nanci,Audrina,872-839-9733,consumer455@yahoo.com
456,Vidal,Melva,193-992-2474,consumer456@yahoo.com
457,Riya,Kaiya,570-933-7206,consumer457@yahoo.com
458,Floy,Trayvon,945-301-2482,consumer458@yahoo.com
459,Wood,Wm,899-249-2878,consumer459@gmail.com
460,Antwon,Marva,879-469-2514,consumer460@gmail.com
461,Violeta,Evita,152-262-6755,consumer461@yahoo.com
462,Mikaila,Dawne,766-308-8518,consumer462@yahoo.com
463,Tyler,Ettie,142-255-3349,consumer463@yahoo.com
464,Florie,Edgardo,768-314-9007,consumer464@gmail.com
465,Shirley,Alba,913-295-1642,consumer465@yahoo.com
466,Mitch,Kaylah,703-831-1380,consumer466@gmail.com
467,Vonda,Jarad,128-793-1648,consumer467@yahoo.com
468,Patti,Hershel,522-647-2864,consumer468@yahoo.com
469,Libby,Leia,552-702-5857,consumer469@yahoo.com
470,Allyson,Mikaela,907-496-2941,consumer470@yahoo.com
471,Elwin,Octavia,338-800-6890,consumer471@yahoo.com
472,Nelle,Bobbie,659-177-9617,consumer472@gmail.com
473,Renada,Shyheim,645-654-5790,consumer473@yahoo.com
474,Jarrad,Joseph,270-329-8014,consumer474@gmail.com
475,Octavius,Mahalia,523-886-7818,consumer475@yahoo.com
476,Jesica,Lizeth,793-622-2578,consumer476@gmail.com
477,Kylah,Nicola,492-745-4203,consumer477@yahoo.com
478,Rilla,Ryker,873-336-5783,consumer478@gmail.com
479,Coy,Maribeth,102-579-6162,consumer479@gmail.com
480,Julia,Meda,710-674-8334,consumer480@gmail.com
481,Ana,Louanna,172-570-6894,consumer481@gmail.com
482,Phylis,Arch,171-100-1428,consumer482@yahoo.com
483,Buna,Aurilla,524-852-2891,consumer483@yahoo.com
484,Kaya,Clemence,178-592-3766,consumer484@yahoo.com
485,Brigitte,Burley,229-762-2205,consumer485@yahoo.com
486,Giovanna,Karyl,333-554-1297,consumer486@gmail.com
487,Wilma,Alexa,149-732-4934,consumer487@gmail.com
488,Joann,Wood,913-579-2947,consumer488@gmail.com
489,Jamal,Zandra,178-742-3211,consumer489@yahoo.com
490,Roxy,Sherryl,684-661-1398,consumer490@gmail.com
491,Hilary,Merilyn,935-139-7957,consumer491@yahoo.com
492,Mellie,Kiarra,319-776-6619,consumer492@gmail.com
493,Kathern,Lisa,228-964-8293,consumer493@yahoo.com
494,Hakeem,Rosemarie,883-413-1409,consumer494@yahoo.com
495,Lourdes,Tayler,683-264-1605,consumer495@gmail.com
496,Mat,Jerusha,508-500-3228,consumer496@gmail.com
497,Debby,Muriel,821-117-2916,consumer497@gmail.com
498,Gwen,Lavern,153-880-8794,consumer498@yahoo.com
499,Franc,Vashti,815-469-6835,consumer499@gmail.com
500,Tameka,Ab,933-676-6070,consumer500@yahoo.com
501,Ovid,Sheron,576-472-6205,consumer501@yahoo.com
502,Jeanine,Sylvester,240-122-8454,consumer502@yahoo.com
503,Tomas,Mike,263-990-6731,consumer503@yahoo.com
504,Pennie,Rosia,922-346-7773,consumer504@gmail.com
505,Coolidge,Tucker,254-217-9121,consumer505@gmail.com
506,Jakayla,Yuliana,352-845-2474,consumer506@gmail.com
507,Bernhard,Harlan,366-214-2826,consumer507@gmail.com
508,Arie,Daniele,425-842-2367,consumer508@gmail.com
509,Faye,Thea,628-151-8414,consumer509@yahoo.com
510,Lola,January,594-570-2986,consumer510@gmail.com
511,Anitra,Payten,218-285-8035,consumer511@gmail.com
512,Olevia,Gustaf,121-918-9726,consumer512@yahoo.com
513,Branson,Hughey,153-381-2281,consumer513@yahoo.com
514,Janeen,Allie,267-484-8843,consumer514@gmail.com
515,Kayli,Ermina,788-421-2149,consumer515@gmail.com
516,Lulu,Bernadette,668-610-3038,consumer516@gmail.com
517,Lady,Jerry,433-833-8363,consumer517@yahoo.com
518,Milas,Ardis,694-389-6818,consumer518@yahoo.com
519,Williard,Robby,546-156-9046,consumer519@gmail.com
520,Serena,Cleo,618-704-4036,consumer520@gmail.com
521,Glinda,Ralph,414-135-7328,consumer521@yahoo.com
522,Crissy,Prentiss,655-998-1532,consumer522@gmail.com
523,Destany,Zillah,166-361-6045,consumer523@gmail.com
524,Jamey,Braulio,266-852-6958,consumer524@gmail.com
525,Ramiro,Shaniece,922-151-8177,consumer525@yahoo.com
526,Robley,Kael,574-617-4548,consumer526@yahoo.com
527,Margery,Taja,617-618-1563,consumer527@yahoo.com
528,Annabel,Stephan,786-435-2612,consumer528@gmail.com
529,Brittani,Kwame,992-583-2993,consumer529@gmail.com
530,Morton,Kenan,383-576-9864,consumer530@yahoo.com
531,Clinton,Roberto,362-858-2277,consumer531@gmail.com
532,Azul,Jaycee,528-304-1836,consumer532@yahoo.com
533,Nunzio,Brianna,113-996-2435,consumer533@gmail.com
534,Kiefer,Alphonsine,863-817-3534,consumer534@yahoo.com
535,Holmes,Doshie,109-440-4658,consumer535@yahoo.com
536,Declan,Judi,877-629-3542,consumer536@yahoo.com
537,Nora,Keanu,919-889-2718,consumer537@gmail.com
538,Fatima,Kent,550-687-1676,consumer538@yahoo.com
539,Amy,Moira,704-453-4875,consumer539@yahoo.com
540,Misti,Lyda,421-383-3883,consumer540@gmail.com
541,Cornie,Jaxson,295-378-2292,consumer541@gmail.com
542,Zollie,Tricia,805-790-3273,consumer542@yahoo.com
543,Constance,Thea,749-845-9045,consumer543@gmail.com
544,Louanna,Delphine,626-613-5032,consumer544@gmail.com
545,Blas,Judge,319-911-6712,consumer545@yahoo.com
546,Tara,Lockie,986-117-8629,consumer546@yahoo.com
547,Leafy,Moriah,479-928-4168,consumer547@gmail.com
548,Cyndi,Carson,121-814-9237,consumer548@gmail.com
549,Dani,Ann,151-434-7598,consumer549@yahoo.com
550,Loni,Forest,463-551-6056,consumer550@yahoo.com
551,Ardell,Lempi,381-472-6240,consumer551@gmail.com
552,Demarcus,Rico,286-960-3565,consumer552@gmail.com
553,Nathaly,Deangelo,484-468-1919,consumer553@gmail.com
554,Zollie,Jaren,886-528-3617,consumer554@yahoo.com
555,Zain,Atha,343-908-2724,consumer555@yahoo.com
556,Delinda,Nicolle,374-307-2551,consumer556@yahoo.com
557,Kamden,Averi,700-306-4139,consumer557@yahoo.com
558,Bell,Maryann,209-308-9514,consumer558@yahoo.com
559,Somer,Lea,582-501-1144,consumer559@yahoo.com
560,Rupert,Jeanne,890-658-3569,consumer560@gmail.com
561,Rheta,Tariq,838-338-8348,consumer561@gmail.com
562,Cori,Warner,786-478-1559,consumer562@yahoo.com
563,Haruko,Tula,668-390-2267,consumer563@gmail.com
564,Council,Matias,513-271-3293,consumer564@yahoo.com
565,Emett,Mayme,853-140-3323,consumer565@gmail.com
566,Mickie,Yasmine,369-810-1574,consumer566@gmail.com
567,Vaughn,Tate,767-425-4068,consumer567@gmail.com
568,Shannon,Hortense,682-433-8319,consumer568@yahoo.com
569,Jeanette,Garrett,260-763-2933,consumer569@gmail.com
570,Ricki,Shayne,960-920-7590,consumer570@gmail.com
571,Akeelah,Estill,717-421-8309,consumer571@yahoo.com
572,Birdie,Ismael,890-192-2430,consumer572@gmail.com
573,Kaiden,Epsie,793-661-1117,consumer573@gmail.com
574,Royal,Brock,274-502-9114,consumer574@gmail.com
575,Braden,Elise,384-852-7014,consumer575@yahoo.com
576,Salomon,Tilda,764-680-9440,consumer576@gmail.com
577,Matilde,Crissy,595-195-5351,consumer577@yahoo.com
578,Finley,Mabel,989-226-8604,consumer578@yahoo.com
579,Telly,Don,843-232-5251,consumer579@gmail.com
580,Nadia,Jerrold,531-252-2592,consumer580@gmail.com
581,Griffith,Betty,794-453-9930,consumer581@yahoo.com
582,Preston,Baker,227-292-8096,consumer582@yahoo.com
583,Tatianna,Cindi,816-557-1023,consumer583@gmail.com
584,Adell,Bishop,745-931-7208,consumer584@yahoo.com
585,Jeramy,Dossie,125-889-5453,consumer585@gmail.com
586,Trevin,Evelena,107-395-7886,consumer586@yahoo.com
587,Missouri,Ricardo,879-820-2077,consumer587@yahoo.com
588,Terell,Ericka,569-215-6947,consumer588@yahoo.com
589,Ione,London,606-322-5325,consumer589@gmail.com
590,Garland,Isaak,806-491-1961,consumer590@yahoo.com
591,Felicie,Misael,246-677-6561,consumer591@yahoo.com
592,Hetty,Taliyah,378-900-7687,consumer592@gmail.com
593,Marlyn,Shamika,869-270-5042,consumer593@gmail.com
594,Webb,Pasquale,394-604-6364,consumer594@gmail.com
595,Brogan,Willaim,276-393-4572,consumer595@yahoo.com
596,Alphons,Etna,380-963-7639,consumer596@gmail.com
597,Kelsi,Tamya,702-191-6414,consumer597@yahoo.com
598,Tremaine,Belle,611-655-3092,consumer598@yahoo.com
599,Osborne,Duff,881-997-4500,consumer599@gmail.com
600,Damon,Teddy,871-817-8784,consumer600@gmail.com
601,Xena,Kiya,284-268-2116,consumer601@gmail.com
602,Mckinley,Moira,420-145-8791,consumer602@gmail.com
603,Myron,Lesli,568-464-7138,consumer603@gmail.com
604,Sharde,Buck,274-599-1175,consumer604@yahoo.com
605,Dwayne,Antonetta,735-384-7330,consumer605@yahoo.com
606,Joye,Alan,502-437-8421,consumer606@yahoo.com
607,Jere,Freddy,416-295-9411,consumer607@gmail.com
608,Daniela,Maribeth,372-760-2759,consumer608@yahoo.com
609,Alys,Norma,600-937-4399,consumer609@gmail.com
610,Ottie,Rexford,505-269-2234,consumer610@yahoo.com
611,Alabama,Tawana,457-965-9125,consumer611@yahoo.com
612,Helene,Stefani,338-794-6054,consumer612@gmail.com
613,Najee,Kerri,664-566-1923,consumer613@gmail.com
614,Mandy,Aili,440-809-3598,consumer614@gmail.com
615,Tamisha,Erich,689-504-1841,consumer615@yahoo.com
616,Antony,Candy,609-919-9646,consumer616@gmail.com
617,Margy,Tomie,746-507-3254,consumer617@gmail.com
618,Clint,Trina,273-703-3164,consumer618@yahoo.com
619,Janene,Artelia,895-645-9366,consumer619@gmail.com
620,Theodis,Elma,754-212-9373,consumer620@gmail.com
621,Cherry,Natosha,264-531-7627,consumer621@gmail.com
622,Walton,Napoleon,519-591-9973,consumer622@yahoo.com
623,Melville,Georgiann,601-360-6717,consumer623@yahoo.com
624,Alonzo,Maia,428-432-1882,consumer624@gmail.com
625,Quintin,Maxine,918-519-2882,consumer625@gmail.com
626,Lonzo,Kali,329-945-7331,consumer626@gmail.com
627,Deontae,Pierre,528-396-8918,consumer627@yahoo.com
628,Tobe,Adriane,419-398-2677,consumer628@gmail.com
629,Devonta,Kirt,695-415-9292,consumer629@yahoo.com
630,Jeromy,Coley,280-397-9099,consumer630@yahoo.com
631,Jiles,Melva,254-437-8469,consumer631@yahoo.com
632,Lindsey,Darion,386-730-3575,consumer632@gmail.com
633,Nina,Alver,969-326-7296,consumer633@yahoo.com
634,Zaniyah,Honora,959-457-9875,consumer634@gmail.com
635,Rosey,Araminta,404-488-5117,consumer635@yahoo.com
636,Rodger,Myah,554-793-1217,consumer636@gmail.com
637,Ayden,Buddie,124-586-7279,consumer637@yahoo.com
638,Pricilla,Butler,523-691-9157,consumer638@yahoo.com
639,Sharron,Len,325-984-1498,consumer639@gmail.com
640,Dasia,Council,338-744-9595,consumer640@yahoo.com
641,Jazmyn,Georganna,561-294-2119,consumer641@yahoo.com
642,Victorine,Jalisa,740-116-7403,consumer642@yahoo.com
643,Faith,Charls,602-510-3406,consumer643@gmail.com
644,Jerusha,Asia,519-255-2547,consumer644@yahoo.com
645,Lita,Milly,187-741-8836,consumer645@gmail.com
646,Livia,Tricia,207-594-7112,consumer646@yahoo.com
647,Less,Daisey,669-782-1475,consumer647@gmail.com
648,Webster,Gust,963-461-4685,consumer648@yahoo.com
649,Damaris,Tal,189-142-3980,consumer649@gmail.com
650,Vashon,Noretta,630-343-5559,consumer650@gmail.com
651,Emmalee,Clemma,386-979-9755,consumer651@gmail.com
652,Darci,Alyson,317-696-2063,consumer652@yahoo.com
653,Damaris,Carleton,226-683-5787,consumer653@gmail.com
654,Margarett,Concha,717-487-2915,consumer654@gmail.com
655,Halsey,Danielle,549-900-2948,consumer655@gmail.com
656,Chaney,Dagmar,658-730-8569,consumer656@gmail.com
657,Guadalupe,Cinda,466-313-1768,consumer657@gmail.com
658,Libbie,Nicola,339-948-7535,consumer658@yahoo.com
659,Quiana,Denine,862-532-7228,consumer659@yahoo.com
660,Kimberly,Declan,209-507-4469,consumer660@gmail.com
661,Verdell,Tony,950-171-7750,consumer661@gmail.com
662,Leroy,Houston,424-381-3724,consumer662@yahoo.com
663,Rosemarie,Leafy,417-315-6599,consumer663@gmail.com
664,Shaun,Maleah,733-624-3249,consumer664@gmail.com
665,Hildegarde,Chloe,465-652-6122,consumer665@yahoo.com
666,Hale,Gage,419-952-6014,consumer666@gmail.com
667,Gerald,Collier,825-830-9562,consumer667@yahoo.com
668,Nathaly,Zena,698-401-1752,consumer668@yahoo.com
669,Ermine,Carroll,763-784-2094,consumer669@yahoo.com
670,Torie,Mara,407-869-1440,consumer670@gmail.com
671,Retta,Jemima,968-121-8117,consumer671@gmail.com
672,Nikia,Chrystal,257-277-3185,consumer672@gmail.com
673,Denton,Stacia,572-603-1039,consumer673@gmail.com
674,Burnett,Foster,581-737-9110,consumer674@gmail.com
675,Candace,Omie,790-941-8820,consumer675@yahoo.com
676,Cynthia,Bolden,397-397-3502,consumer676@yahoo.com
677,Shyanne,Amado,485-625-5331,consumer677@gmail.com
678,Steward,Jamin,330-572-5446,consumer678@gmail.com
679,Kay,Cassie,371-592-3234,consumer679@gmail.com
680,Lolla,Austin,621-650-3745,consumer680@gmail.com
681,Margueritta,Cristobal,972-746-4888,consumer681@gmail.com
682,Kamila,Dianne,883-926-7295,consumer682@gmail.com
683,Branson,Anthony,696-943-3933,consumer683@yahoo.com
684,Marely,Braydon,740-265-8274,consumer684@yahoo.com
685,Ryder,Rochelle,842-679-6934,consumer685@gmail.com
686,Cale,Admiral,870-166-6520,consumer686@yahoo.com
687,Naima,Amelia,836-516-6740,consumer687@gmail.com
688,Claudette,Wiley,957-207-7582,consumer688@yahoo.com
689,Eli,Nelia,179-784-4320,consumer689@gmail.com
690,Sky,Perley,157-302-7604,consumer690@yahoo.com
691,Jesus,Miner,977-687-3333,consumer691@yahoo.com
692,Keely,Evalena,491-898-6762,consumer692@gmail.com
693,Mekhi,Albert,660-937-2479,consumer693@gmail.com
694,Mavis,Danika,962-714-9922,consumer694@yahoo.com
695,Metta,Spring,944-873-5872,consumer695@yahoo.com
696,Thea,Sister,124-911-7758,consumer696@gmail.com
697,Chance,Therese,559-278-3877,consumer697@yahoo.com
698,Myrtis,Wesley,189-447-5138,consumer698@yahoo.com
699,Jeff,Valentin,836-482-9128,consumer699@gmail.com
