0,Pomegranates,2.99
0,Lettuce,3.26
0,Beets,3.01
0,Pineapples,1.49
0,Cinnamon,4.49
1,Currants,4.51
1,Pomelo,3.08
1,Watermelons,2.62
2,Marionberries,1.35
2,Celery,3.74
2,Honey,2.78
2,Pistachios,2.57
2,Basil,3.39
3,Celery,1.54
3,Chives,5.35
3,Raspberries,5.07
4,Mulberries,5.14
4,Pecans,2.61
4,Oranges,3.32
4,Dill,1.45
4,Pineapples,4.18
5,Rosemary,3.76
5,Beets,1.9
5,Potatoes,2.75
5,Raspberries,3.25
6,Figs,5.02
6,Coffee beans,3.83
6,Blueberries,4.34
6,Mulberries,3.98
6,Peanuts,5.36
6,Rambutan,1.31
6,Onions,2.72
6,Grapes,3.88
7,Parsley,3.27
7,Swiss chard,2.47
7,Eggplant,1.35
7,Pistachios,5.19
7,Blackberries,2.54
7,Peaches,4.05
8,Cashews,2.02
8,Gooseberries,1.63
8,Radishes,5.3
9,Lettuce,1.86
9,Swiss chard,4.63
9,Brussels sprouts,4.81
9,Celery,3.25
9,Plums,1.56
10,Cabbage,4.91
10,Tangerines,4.92
10,Basil,4.6
10,Cantaloupes,2.69
10,Raspberries,3.83
10,Jackfruit,4.86
10,Passionfruit,4.16
10,Dragon fruit,1.68
10,Cinnamon,3.73
11,Bananas,3.58
11,Tomatoes,4.65
11,Sunflower seeds,3.65
11,Fennel,2.52
11,Raspberries,2.21
11,Cabbage,1.86
11,Eggplant,4.98
12,Lychee,5.48
12,Marionberries,3.58
12,Mangoes,4.06
12,Raspberries,3.45
12,Nectarines,5.11
13,Strawberries,3.0
13,Cilantro,2.01
13,Sunflower seeds,2.95
13,Pistachios,2.71
13,Squash,3.08
14,Clementines,3.29
14,Watermelons,4.64
14,Apricots,4.25
14,Limes,1.98
14,Passionfruit,1.57
14,Blueberries,4.93
15,Cantaloupes,4.54
15,Tomatoes,2.63
15,Cauliflower,5.21
15,Kumquats,3.37
15,Cucumbers,3.93
15,Clementines,4.19
15,Elderberries,2.29
16,Peaches,2.25
16,Asparagus,2.35
16,Pineapples,4.1
17,Turnips,2.36
17,Cumin,5.15
17,Pistachios,1.23
18,Limes,4.65
18,Grapefruits,5.06
18,Cumin,4.39
19,Peas,2.72
19,Cashews,2.3
19,Cilantro,2.33
19,Parsley,4.02
19,Avocados,2.62
19,Beans,1.33
19,Almonds,1.11
19,Nectarines,1.96
19,Bananas,3.98
20,Cherimoya,1.11
20,Collard greens,1.95
20,Carrots,2.22
20,Apricots,4.87
20,Pumpkins,4.28
20,Spinach,3.27
20,Tangerines,3.09
21,Broccoli,4.4
21,Carrots,5.44
21,Cherimoya,4.05
21,Bok choy,1.8
21,Blackcurrants,1.72
21,Peas,4.88
21,Cabbage,4.41
22,Hot peppers,4.22
22,Sweet potatoes,2.18
22,Lettuce,3.18
22,Bok choy,5.15
22,Beets,1.36
23,Swiss chard,3.39
23,Beets,1.71
23,Artichokes,1.73
23,Cantaloupes,3.05
23,Garlic,3.08
23,Cilantro,3.92
23,Figs,5.07
24,Hazelnuts,1.87
24,Turnips,3.08
24,Persimmons,4.11
24,Parsnips,2.27
24,Pecans,2.04
24,Lettuce,2.09
25,Eggplant,2.88
25,Brussels sprouts,1.81
25,Bananas,3.06
25,Carrots,3.54
25,Onions,2.46
25,Leeks,4.65
25,Gooseberries,3.28
25,Nectarines,2.45
26,Beets,1.11
26,Parsley,3.1
26,Corn,3.1
26,Bell peppers,4.57
26,Fennel,2.39
27,Tomatoes,1.37
27,Swiss chard,1.26
27,Grapes,1.81
27,Honeydews,3.55
28,Persimmons,4.06
28,Guavas,3.33
28,Cantaloupes,5.22
28,Cucumbers,1.78
28,Nectarines,3.17
28,Elderberries,2.83
28,Radicchio,2.8
28,Dill,4.27
28,Boysenberries,4.01
28,Mulberries,5.23
29,Honeydews,5.39
29,Thyme,2.47
29,Kiwi,4.27
30,Apricots,3.26
30,Pomelo,5.02
30,Peaches,1.24
30,Currants,4.44
30,Coffee beans,4.08
30,Cashews,3.71
30,Swiss chard,2.66
30,Kumquats,4.37
30,Squash,3.23
30,Okra,5.15
31,Almonds,3.39
31,Rosemary,4.8
31,Bok choy,4.47
31,Cantaloupes,2.49
31,Cilantro,3.91
31,Hot peppers,2.21
31,Raspberries,1.17
31,Cherimoya,3.89
32,Pineapples,1.37
32,Celery,3.26
32,Honeydews,1.64
32,Hazelnuts,1.27
32,Cherries,5.3
32,Apples,1.52
32,Pomegranates,1.15
33,Grapes,4.07
33,Lettuce,4.18
33,Ugli fruit,5.21
33,Mustard greens,4.6
33,Thyme,3.36
33,Kumquats,4.3
33,Raspberries,3.05
33,Rambutan,4.08
33,Clementines,4.64
33,Jackfruit,5.28
34,Asparagus,4.05
34,Walnuts,1.68
34,Coffee beans,3.63
34,Pineapples,3.23
34,Gooseberries,2.25
34,Peaches,3.78
35,Pineberries,1.93
35,Onions,5.49
35,Rambutan,2.17
35,Watermelons,5.15
35,Pomelo,2.38
35,Blueberries,3.12
36,Limes,1.53
36,Walnuts,1.57
36,Cranberries,2.76
36,Cantaloupes,1.95
36,Watercress,2.57
36,Nectarines,3.41
36,Jackfruit,3.47
36,Lychee,4.7
36,Tomatoes,1.86
36,Cherimoya,2.6
37,Limes,1.36
37,Bananas,5.22
37,Boysenberries,4.05
37,Cucumbers,2.61
37,Grapefruits,3.19
37,Beets,2.47
37,Hazelnuts,2.57
37,Plums,3.18
38,Coffee beans,4.35
38,Currants,2.71
38,Ugli fruit,2.09
38,Dragon fruit,5.09
38,Bananas,5.11
39,Brussels sprouts,3.53
39,Walnuts,2.7
39,Tomatoes,3.06
39,Turnips,3.5
39,Artichokes,2.5
39,Mangoes,3.64
40,Cantaloupes,4.97
40,Fennel,1.62
40,Marionberries,3.24
40,Beans,2.51
40,Figs,4.63
40,Parsley,1.79
40,Parsnips,4.95
40,Ugli fruit,5.18
40,Cucumbers,3.97
41,Mustard greens,3.25
41,Plums,1.15
41,Spinach,5.49
42,Strawberries,3.62
42,Pineberries,3.1
42,Passionfruit,4.88
42,Chives,5.33
42,Zucchini,4.45
42,Pomegranates,4.42
42,Cranberries,1.31
42,Cinnamon,2.48
43,Jackfruit,3.45
43,Basil,5.36
43,Passionfruit,5.3
43,Limes,2.3
43,Blueberries,3.48
43,Mint,4.44
43,Cherimoya,4.45
44,Mangoes,2.39
44,Pomelo,2.42
44,Eggplant,1.44
44,Cashews,3.26
44,Honey,5.28
44,Cinnamon,4.15
44,Oranges,2.83
44,Bok choy,3.6
45,Dragon fruit,2.57
45,Cumin,2.45
45,Carrots,3.75
45,Bok choy,5.08
45,Peaches,1.99
45,Radicchio,3.23
45,Apricots,2.97
45,Lettuce,3.71
46,Radishes,1.32
46,Parsnips,4.59
46,Okra,3.79
47,Honey,1.92
47,Eggplant,3.54
47,Pecans,1.71
47,Cinnamon,1.45
47,Dill,4.38
47,Tomatoes,2.96
47,Blackberries,3.21
48,Sunflower seeds,4.26
48,Watermelons,3.28
48,Celery,1.57
48,Collard greens,2.83
48,Hazelnuts,2.53
49,Blackberries,2.01
49,Avocados,3.73
49,Cabbage,1.15
49,Cantaloupes,3.44
49,Dates,3.83
50,Avocados,2.56
50,Potatoes,2.28
50,Cashews,1.89
50,Carrots,5.45
50,Radishes,2.52
50,Basil,2.88
51,Zucchini,3.31
51,Bananas,3.73
51,Eggplant,4.99
52,Strawberries,4.24
52,Asparagus,4.39
52,Ugli fruit,4.35
52,Bok choy,3.05
52,Kiwi,3.68
52,Gooseberries,5.39
52,Cauliflower,1.67
52,Cherimoya,1.81
53,Marionberries,1.63
53,Cantaloupes,4.23
53,Zucchini,2.17
54,Oranges,4.02
54,Walnuts,3.57
54,Papayas,3.99
54,Bok choy,2.85
55,Cilantro,5.01
55,Cabbage,2.97
55,Blackcurrants,4.04
56,Avocados,2.15
56,Chives,4.32
56,Collard greens,3.3
56,Cashews,1.27
56,Grapefruits,1.65
56,Apricots,1.29
56,Dill,3.41
56,Bananas,2.27
57,Watermelons,3.07
57,Cherries,3.43
57,Boysenberries,1.94
57,Cilantro,4.85
57,Pumpkins,2.14
57,Watercress,2.42
57,Thyme,3.35
58,Pineapples,1.36
58,Peanuts,1.56
58,Sweet potatoes,5.2
58,Grapes,2.39
58,Parsley,1.92
58,Pineberries,1.42
58,Cumin,1.14
58,Cabbage,2.87
58,Pistachios,5.3
59,Rosemary,1.56
59,Kumquats,3.05
59,Lettuce,4.49
59,Radicchio,3.42
59,Garlic,3.2
59,Cilantro,5.42
59,Almonds,3.24
59,Brussels sprouts,4.25
59,Cherimoya,3.0
60,Figs,4.59
60,Limes,1.18
60,Kale,2.55
60,Cashews,3.67
61,Onions,1.15
61,Raspberries,3.89
61,Walnuts,5.16
61,Lemons,3.21
61,Watermelons,3.33
61,Bananas,2.96
61,Cherimoya,1.74
61,Corn,3.02
61,Cauliflower,3.2
61,Thyme,4.69
62,Marionberries,1.24
62,Artichokes,1.67
62,Cumin,1.21
62,Hazelnuts,1.92
62,Pomelo,4.43
62,Eggplant,5.32
62,Cherries,2.9
62,Tomatoes,5.02
62,Honeydews,5.38
63,Tomatoes,4.37
63,Artichokes,5.06
63,Honeydews,5.47
63,Sage,1.93
63,Beans,4.05
63,Brussels sprouts,2.38
64,Hot peppers,3.43
64,Hazelnuts,2.87
64,Mangoes,3.0
64,Walnuts,1.55
64,Lychee,1.3
64,Tangerines,1.36
64,Leeks,1.95
64,Radishes,5.32
65,Leeks,1.91
65,Pineberries,5.01
65,Sweet potatoes,5.27
65,Cauliflower,2.23
66,Watermelons,1.34
66,Kiwi,3.97
66,Pecans,2.5
66,Pomegranates,4.59
67,Cherries,3.89
67,Honey,2.75
67,Squash,2.06
67,Coffee beans,2.27
67,Beets,1.54
67,Eggplant,4.14
67,Zucchini,1.68
67,Brussels sprouts,1.2
67,Cucumbers,4.14
68,Carrots,1.7
68,Cantaloupes,2.72
68,Peas,4.43
69,Clementines,2.52
69,Blueberries,1.44
69,Pistachios,2.08
69,Cinnamon,5.35
69,Cantaloupes,4.67
70,Broccoli,3.0
70,Swiss chard,3.6
70,Peas,3.01
70,Artichokes,2.93
70,Parsley,4.26
70,Dragon fruit,2.76
71,Tomatoes,2.79
71,Corn,2.92
71,Cucumbers,2.1
71,Honey,4.63
71,Figs,4.83
72,Ugli fruit,1.67
72,Cranberries,5.15
72,Raspberries,5.4
73,Artichokes,4.39
73,Sage,4.25
74,Beets,4.53
74,Mulberries,4.75
74,Dates,5.22
74,Pistachios,4.05
74,Dill,5.23
74,Guavas,1.61
74,Hot peppers,2.42
74,Lemons,4.75
74,Brussels sprouts,3.17
74,Tangerines,4.62
75,Cilantro,4.95
75,Bell peppers,3.0
75,Swiss chard,1.74
75,Rosemary,1.44
76,Cinnamon,4.05
76,Limes,1.74
76,Oranges,4.64
76,Grapes,2.6
76,Beets,3.31
76,Bok choy,2.59
76,Cherimoya,1.35
76,Papayas,2.85
77,Hazelnuts,2.96
77,Blackcurrants,3.41
77,Pineberries,4.84
78,Lettuce,5.32
78,Persimmons,5.15
78,Figs,1.59
78,Radishes,2.94
79,Cherries,1.4
79,Beans,5.39
79,Pomelo,5.32
79,Parsnips,2.8
79,Mulberries,2.69
79,Walnuts,2.22
79,Lemons,4.77
80,Spinach,3.78
80,Grapes,5.37
80,Honey,4.21
80,Pistachios,2.5
80,Currants,2.38
80,Garlic,5.27
80,Squash,3.78
80,Carrots,2.32
80,Marionberries,1.28
81,Watercress,2.23
81,Pomegranates,4.82
81,Pecans,3.85
81,Kiwifruit,4.48
81,Parsnips,4.86
81,Cranberries,1.3
81,Asparagus,4.01
81,Figs,5.43
81,Mangoes,1.24
82,Cherries,4.38
82,Pistachios,3.75
82,Tangerines,1.88
83,Tangerines,4.49
83,Pineberries,1.52
83,Asparagus,4.02
83,Parsley,2.65
83,Pomelo,2.34
83,Blackcurrants,5.5
83,Radicchio,3.7
84,Limes,3.37
84,Squash,1.87
84,Sage,1.55
84,Artichokes,2.36
84,Turnips,2.62
85,Eggplant,2.47
85,Zucchini,5.48
85,Avocados,3.25
85,Apples,3.11
85,Walnuts,4.9
85,Brussels sprouts,2.98
85,Kale,4.11
85,Bananas,3.2
85,Cantaloupes,3.52
86,Kale,3.88
86,Marionberries,1.94
86,Blackcurrants,3.92
87,Kiwifruit,4.82
87,Pomegranates,4.43
87,Blackcurrants,1.31
88,Squash,2.29
88,Artichokes,2.53
88,Kale,3.94
88,Beans,3.28
88,Peas,2.41
88,Corn,4.82
88,Papayas,2.47
88,Currants,2.75
89,Cinnamon,2.1
89,Rosemary,3.03
89,Walnuts,2.53
90,Squash,3.16
90,Kumquats,1.87
90,Chives,3.96
91,Garlic,2.99
91,Cauliflower,1.38
91,Tomatoes,4.36
91,Coffee beans,2.98
91,Blueberries,3.65
91,Lychee,4.35
91,Carrots,4.88
92,Sweet potatoes,2.71
92,Pecans,2.4
92,Passionfruit,3.75
92,Mint,4.42
92,Turnips,3.97
92,Bok choy,3.01
92,Beets,4.67
93,Beans,1.32
93,Hot peppers,1.7
93,Plums,4.87
93,Cilantro,1.12
93,Dragon fruit,3.51
94,Lemons,4.7
94,Kale,4.35
94,Ugli fruit,5.3
94,Collard greens,4.54
94,Blueberries,1.99
94,Peanuts,5.31
94,Cauliflower,2.68
94,Dates,2.38
95,Beans,2.64
95,Tomatoes,2.95
95,Radishes,5.05
95,Kiwi,4.61
95,Passionfruit,4.45
95,Pumpkins,4.65
95,Dates,3.74
96,Lychee,4.34
96,Collard greens,3.78
96,Okra,2.7
97,Brussels sprouts,3.98
97,Mangoes,2.57
97,Mulberries,5.29
97,Boysenberries,4.67
98,Cauliflower,2.31
98,Jackfruit,3.16
98,Kiwifruit,3.27
98,Mint,1.5
98,Pecans,4.19
98,Lychee,4.99
98,Nectarines,1.76
98,Bell peppers,4.63
98,Beans,1.69
99,Plums,2.82
99,Sage,3.21
99,Spinach,4.09
99,Corn,2.68
99,Watercress,2.54
99,Squash,2.59
99,Cucumbers,2.16
100,Onions,2.9
100,Guavas,4.43
100,Radishes,1.42
100,Cauliflower,2.25
100,Parsnips,3.18
100,Okra,2.23
101,Ugli fruit,2.87
101,Dill,4.0
101,Kiwi,4.38
101,Chives,5.1
101,Oranges,3.23
101,Tomatoes,3.13
102,Thyme,4.13
102,Cilantro,4.72
102,Fennel,3.82
102,Grapes,2.8
102,Blackcurrants,3.52
102,Dates,5.06
103,Peaches,1.55
103,Cabbage,5.13
103,Gooseberries,4.35
103,Lemons,4.92
103,Turnips,1.57
103,Apricots,3.96
103,Strawberries,4.39
103,Pineberries,2.84
104,Sweet potatoes,2.63
104,Mangoes,2.23
104,Lemons,4.08
104,Hazelnuts,3.92
105,Cilantro,5.2
105,Eggplant,4.1
105,Apples,2.83
106,Sage,2.4
106,Cauliflower,2.49
106,Rambutan,5.42
106,Persimmons,1.73
106,Leeks,3.03
106,Mustard greens,4.82
106,Bananas,4.79
106,Radicchio,1.12
106,Beans,3.52
106,Clementines,5.11
107,Apricots,2.85
107,Cumin,2.42
107,Cherimoya,1.97
107,Bok choy,2.65
107,Eggplant,1.55
107,Lychee,1.7
107,Thyme,5.03
107,Passionfruit,1.87
108,Passionfruit,2.33
108,Leeks,5.0
108,Raspberries,2.52
108,Blueberries,2.0
108,Carrots,1.24
108,Pomelo,4.17
109,Beans,3.8
109,Honeydews,4.93
109,Blueberries,4.24
109,Oranges,5.33
109,Radicchio,2.33
110,Watercress,4.31
110,Radicchio,3.99
110,Ugli fruit,3.92
110,Oranges,2.31
110,Squash,2.91
111,Thyme,5.43
111,Asparagus,3.21
111,Hot peppers,1.37
111,Walnuts,2.62
111,Grapes,2.44
112,Beets,2.29
112,Figs,1.95
112,Mangoes,4.09
112,Limes,3.0
112,Mulberries,1.15
112,Bell peppers,4.09
112,Apples,1.42
112,Dates,4.74
112,Cranberries,1.69
113,Currants,3.06
113,Cherimoya,2.09
113,Ugli fruit,2.64
113,Cantaloupes,4.95
113,Limes,4.1
113,Pistachios,2.42
113,Carrots,4.23
113,Peas,1.93
114,Mustard greens,2.82
114,Mint,1.64
114,Celery,1.96
114,Kumquats,3.23
114,Bell peppers,3.19
114,Okra,4.9
114,Pumpkins,5.42
114,Sweet potatoes,3.54
114,Broccoli,4.83
115,Cinnamon,3.68
115,Onions,1.36
115,Broccoli,2.36
115,Cashews,4.16
115,Pecans,1.37
115,Bok choy,1.48
115,Blackberries,2.13
116,Leeks,4.77
116,Grapes,5.09
116,Turnips,4.18
116,Dates,1.27
116,Hazelnuts,4.26
116,Parsley,3.14
116,Passionfruit,1.53
116,Cilantro,2.36
116,Collard greens,4.82
117,Kiwifruit,1.29
117,Dill,2.25
117,Pistachios,3.16
117,Lychee,2.22
117,Guavas,2.04
117,Rosemary,4.22
117,Thyme,2.57
118,Blackberries,2.72
118,Dates,1.7
118,Plums,1.53
118,Collard greens,3.19
118,Peas,1.97
118,Limes,1.57
118,Raspberries,2.34
118,Peaches,1.67
118,Bell peppers,5.36
119,Potatoes,4.56
119,Sweet potatoes,4.28
119,Leeks,3.52
119,Beets,5.23
119,Blackberries,1.77
119,Kumquats,3.56
119,Swiss chard,3.04
120,Pomegranates,4.05
120,Grapefruits,4.13
120,Raspberries,2.84
120,Bell peppers,1.52
120,Turnips,3.31
120,Watercress,1.16
120,Tomatoes,2.44
121,Kiwi,4.57
121,Mustard greens,4.35
121,Bananas,4.43
121,Cherries,3.15
121,Squash,3.06
121,Blueberries,4.45
121,Dragon fruit,3.92
121,Strawberries,3.41
122,Persimmons,2.16
122,Parsnips,3.27
122,Cantaloupes,1.11
122,Sage,4.29
122,Walnuts,1.98
122,Spinach,4.72
123,Squash,4.59
123,Kale,2.63
123,Dates,4.05
123,Raspberries,4.06
123,Almonds,2.93
123,Bell peppers,3.76
123,Sweet potatoes,2.69
123,Kiwifruit,2.63
123,Beans,3.04
123,Coffee beans,2.6
124,Grapefruits,4.12
124,Watercress,4.33
124,Ugli fruit,4.75
124,Cantaloupes,4.45
124,Persimmons,2.36
124,Kiwifruit,3.37
124,Cashews,3.84
124,Sage,5.07
124,Dragon fruit,2.85
125,Peanuts,3.6
125,Pumpkins,4.08
125,Sweet potatoes,4.98
125,Papayas,1.99
125,Cinnamon,1.9
125,Cranberries,4.96
125,Brussels sprouts,2.93
126,Spinach,5.13
126,Blackcurrants,1.76
126,Pomelo,3.24
126,Garlic,4.68
126,Lemons,2.6
126,Limes,2.53
126,Cauliflower,2.73
126,Walnuts,4.29
127,Artichokes,5.24
127,Honey,4.11
127,Onions,2.74
128,Cinnamon,3.41
128,Cherries,5.01
128,Marionberries,3.15
128,Blueberries,4.81
129,Blackcurrants,1.75
129,Cherimoya,1.2
129,Mangoes,4.46
129,Radishes,3.5
129,Sage,3.07
129,Marionberries,4.83
129,Figs,2.27
129,Cantaloupes,2.74
129,Hazelnuts,3.99
129,Grapes,2.24
130,Cantaloupes,4.32
130,Currants,3.12
130,Blueberries,2.24
130,Lemons,3.36
130,Cilantro,3.91
130,Parsley,3.09
130,Pumpkins,4.7
130,Mint,2.5
130,Swiss chard,4.48
131,Lemons,4.62
131,Brussels sprouts,4.85
131,Coffee beans,1.2
131,Cauliflower,5.23
131,Cucumbers,1.57
132,Cucumbers,3.25
132,Limes,4.11
132,Cabbage,1.76
132,Asparagus,3.98
132,Dill,1.31
132,Potatoes,2.78
133,Okra,4.53
133,Bok choy,1.61
133,Nectarines,3.64
133,Mint,2.28
133,Cherimoya,4.37
133,Apples,1.63
133,Passionfruit,4.02
133,Cauliflower,3.1
134,Squash,2.09
134,Avocados,1.2
134,Cantaloupes,3.54
134,Mint,4.21
134,Bok choy,1.75
134,Celery,2.55
134,Pineapples,3.98
134,Parsnips,2.17
134,Carrots,3.43
135,Kumquats,4.72
135,Mulberries,1.18
135,Watermelons,4.29
135,Basil,1.25
135,Spinach,4.3
135,Persimmons,1.93
136,Celery,3.76
136,Garlic,2.64
136,Collard greens,1.63
137,Honeydews,3.8
137,Kiwi,2.8
137,Passionfruit,1.44
137,Pineapples,2.31
137,Fennel,4.48
137,Blueberries,2.03
138,Radishes,2.65
138,Garlic,3.24
138,Papayas,4.24
138,Parsley,2.79
138,Cherimoya,2.32
139,Asparagus,1.67
139,Peanuts,2.5
139,Spinach,1.44
139,Squash,2.19
139,Bok choy,1.72
140,Pineberries,3.98
140,Zucchini,4.46
140,Mustard greens,3.94
140,Pineapples,4.64
140,Potatoes,4.14
140,Mint,2.16
141,Squash,2.27
141,Pineapples,3.33
141,Radishes,5.05
141,Garlic,1.68
141,Broccoli,4.12
141,Mulberries,2.13
142,Currants,4.3
142,Chives,1.43
142,Turnips,5.27
142,Sunflower seeds,2.7
142,Tomatoes,3.35
142,Oranges,1.45
142,Swiss chard,1.69
142,Brussels sprouts,3.89
143,Pineberries,5.23
143,Watercress,1.4
143,Bananas,2.7
143,Peanuts,2.23
143,Papayas,3.94
144,Sage,3.3
144,Tangerines,5.03
144,Artichokes,4.7
144,Blackberries,2.37
144,Brussels sprouts,4.84
144,Zucchini,4.31
144,Nectarines,1.86
144,Hazelnuts,4.16
144,Mint,1.65
145,Onions,3.82
145,Peas,3.18
145,Cherimoya,1.4
145,Kiwifruit,1.42
145,Broccoli,4.5
145,Hazelnuts,3.45
145,Pomelo,2.54
145,Pecans,4.28
145,Parsnips,4.47
146,Apples,1.46
146,Collard greens,2.08
146,Raspberries,3.72
146,Eggplant,4.54
147,Blackcurrants,5.03
147,Fennel,2.96
147,Potatoes,2.3
147,Bell peppers,1.4
147,Cantaloupes,5.37
147,Cilantro,3.88
148,Apples,2.33
148,Cherimoya,3.64
148,Pomegranates,4.68
149,Lettuce,4.07
149,Passionfruit,5.46
149,Apricots,2.46
149,Sweet potatoes,4.53
149,Cantaloupes,4.51
149,Guavas,2.13
149,Marionberries,4.32
149,Avocados,1.92
150,Turnips,1.98
150,Limes,2.8
150,Currants,2.49
150,Lettuce,1.46
150,Passionfruit,4.65
150,Guavas,3.43
150,Kale,2.97
150,Walnuts,4.56
150,Cilantro,1.95
150,Tangerines,3.29
151,Lemons,3.46
151,Kumquats,4.92
151,Onions,4.64
151,Potatoes,2.43
151,Cucumbers,4.07
151,Garlic,2.41
151,Boysenberries,5.15
151,Leeks,2.97
152,Kiwifruit,5.47
152,Cherries,3.64
152,Rambutan,3.05
152,Raspberries,4.81
152,Pomelo,2.97
152,Mangoes,2.28
152,Thyme,2.1
152,Gooseberries,4.74
152,Clementines,2.16
152,Pomegranates,4.54
153,Artichokes,5.25
153,Persimmons,1.28
153,Cashews,5.07
153,Strawberries,4.49
153,Pistachios,3.82
153,Lettuce,3.29
154,Blackcurrants,5.09
154,Celery,1.26
154,Oranges,4.79
154,Honeydews,2.19
154,Lettuce,3.3
155,Passionfruit,4.23
155,Lychee,2.37
155,Radishes,2.42
155,Carrots,2.43
155,Zucchini,5.08
155,Cabbage,3.16
155,Sweet potatoes,1.38
155,Honey,1.36
156,Grapes,3.92
156,Boysenberries,4.13
156,Watercress,5.36
156,Blueberries,2.35
157,Watermelons,3.96
157,Blackberries,1.19
157,Kumquats,1.66
157,Elderberries,1.44
157,Cherries,4.33
157,Kale,1.58
157,Raspberries,3.29
158,Cilantro,1.32
158,Pineapples,4.58
158,Cauliflower,2.55
158,Basil,1.97
158,Parsnips,3.11
159,Pecans,2.93
159,Leeks,4.3
159,Lychee,2.92
159,Mulberries,1.37
159,Pineapples,2.45
159,Swiss chard,3.8
159,Passionfruit,1.82
159,Ugli fruit,2.33
159,Zucchini,5.22
159,Boysenberries,1.12
160,Plums,2.72
160,Apples,4.07
160,Clementines,3.32
160,Sage,3.89
160,Beets,4.78
160,Boysenberries,4.25
160,Gooseberries,4.45
160,Asparagus,3.68
160,Bok choy,2.78
161,Pineberries,1.14
161,Radishes,2.39
161,Avocados,3.8
161,Peanuts,3.67
161,Pineapples,2.39
161,Pistachios,3.5
161,Mangoes,4.33
162,Cinnamon,3.17
162,Rambutan,3.86
162,Blueberries,3.28
162,Turnips,1.11
162,Potatoes,5.09
163,Bell peppers,2.04
163,Papayas,4.75
163,Walnuts,1.54
163,Cherimoya,4.46
163,Turnips,4.34
163,Broccoli,3.07
163,Cinnamon,4.19
163,Persimmons,4.39
163,Passionfruit,1.82
163,Fennel,4.33
164,Lychee,2.68
164,Fennel,2.53
164,Elderberries,1.3
164,Honey,1.96
164,Asparagus,2.78
164,Honeydews,2.0
164,Watercress,4.47
164,Jackfruit,2.39
164,Persimmons,2.08
164,Raspberries,2.05
165,Cherries,3.3
165,Coffee beans,3.99
165,Tomatoes,4.67
165,Mint,3.47
165,Bananas,3.77
165,Tangerines,3.36
165,Peanuts,1.57
165,Elderberries,1.18
165,Almonds,2.01
165,Grapes,1.41
166,Honey,3.83
166,Kumquats,2.78
166,Cherimoya,5.24
166,Hazelnuts,3.58
167,Kumquats,1.99
167,Walnuts,1.78
167,Sunflower seeds,4.05
167,Plums,1.24
167,Oranges,2.03
167,Hazelnuts,2.64
167,Pumpkins,2.12
168,Walnuts,3.16
168,Sunflower seeds,1.23
168,Papayas,4.63
168,Beets,1.12
168,Chives,1.94
168,Pineapples,1.64
168,Zucchini,2.84
169,Sweet potatoes,2.95
169,Raspberries,5.21
169,Squash,4.23
169,Chives,1.57
169,Kiwifruit,3.49
169,Peaches,4.71
169,Lettuce,2.63
170,Asparagus,2.41
170,Pineapples,1.99
170,Potatoes,4.69
170,Rambutan,2.17
170,Garlic,5.09
170,Plums,3.69
170,Hot peppers,3.95
170,Apricots,4.44
171,Kale,3.69
171,Coffee beans,5.48
171,Turnips,1.16
171,Pumpkins,4.58
171,Beans,1.47
172,Pineberries,1.54
172,Garlic,3.85
172,Sunflower seeds,2.63
172,Apricots,4.75
173,Papayas,3.06
173,Watermelons,4.58
173,Rosemary,2.64
173,Swiss chard,3.38
173,Basil,2.04
173,Asparagus,1.77
174,Cinnamon,2.02
174,Boysenberries,4.85
174,Peaches,4.42
174,Dates,1.4
174,Watercress,3.57
175,Tangerines,3.13
175,Papayas,2.81
175,Cherimoya,1.81
175,Boysenberries,5.31
176,Bananas,3.89
176,Radishes,2.14
176,Honeydews,1.57
176,Bell peppers,1.71
176,Pecans,1.94
176,Rosemary,3.56
176,Radicchio,5.24
177,Blueberries,2.94
177,Avocados,3.43
177,Peanuts,3.74
177,Bell peppers,1.2
177,Clementines,2.59
177,Garlic,4.62
177,Currants,2.72
177,Kiwifruit,5.13
177,Grapes,3.49
177,Mustard greens,1.44
178,Pistachios,1.62
178,Pomegranates,3.25
178,Kiwifruit,2.75
179,Beans,2.07
179,Strawberries,3.12
179,Dragon fruit,4.59
179,Bok choy,5.4
179,Mangoes,4.55
180,Peas,2.11
180,Sage,4.28
180,Blackberries,5.21
180,Corn,2.07
180,Peanuts,2.03
180,Honey,5.31
180,Asparagus,3.55
180,Rambutan,4.71
181,Hazelnuts,3.54
181,Walnuts,2.72
181,Honeydews,1.68
181,Dragon fruit,3.78
182,Blackberries,3.17
182,Honeydews,1.48
182,Guavas,3.97
182,Cumin,2.03
182,Strawberries,5.16
182,Tangerines,4.63
182,Thyme,1.21
182,Grapes,4.27
182,Cashews,2.71
183,Fennel,3.66
183,Clementines,4.14
183,Mangoes,3.26
183,Kumquats,4.27
183,Celery,1.58
183,Boysenberries,5.03
183,Pecans,5.08
184,Pistachios,4.52
184,Mulberries,4.28
184,Kiwifruit,1.67
184,Garlic,4.5
184,Rosemary,1.37
184,Carrots,3.72
185,Tangerines,3.78
185,Kiwifruit,1.49
185,Beets,1.32
185,Tomatoes,1.69
186,Currants,3.15
186,Bananas,2.43
186,Pineapples,5.43
186,Sage,4.86
186,Eggplant,2.1
186,Cashews,2.4
186,Marionberries,4.3
186,Cherries,1.14
187,Grapes,2.58
187,Swiss chard,1.74
187,Pineapples,1.78
188,Honeydews,4.76
188,Cantaloupes,4.55
188,Leeks,3.37
188,Papayas,2.71
188,Collard greens,4.06
188,Dragon fruit,5.05
189,Parsley,1.6
189,Kiwifruit,2.73
189,Beans,5.2
189,Turnips,4.93
189,Fennel,3.72
189,Basil,2.23
189,Lemons,1.6
189,Apricots,2.74
189,Tomatoes,2.16
190,Asparagus,2.1
190,Spinach,3.45
190,Broccoli,5.4
190,Walnuts,3.43
190,Fennel,4.88
190,Persimmons,3.03
190,Pumpkins,2.89
191,Clementines,2.11
191,Thyme,4.66
191,Rosemary,4.15
191,Pineberries,2.46
191,Apricots,4.39
191,Carrots,4.52
191,Spinach,4.1
191,Cauliflower,2.46
192,Tangerines,4.82
192,Carrots,1.27
192,Rosemary,1.78
192,Almonds,1.27
192,Guavas,3.96
192,Lemons,2.25
192,Watercress,2.49
192,Blueberries,3.49
192,Bok choy,1.56
192,Grapes,4.93
193,Sage,4.94
193,Pistachios,2.31
193,Carrots,3.29
193,Blackberries,4.42
193,Figs,1.28
193,Grapes,3.55
193,Asparagus,3.27
194,Chives,1.17
194,Honey,4.34
194,Corn,3.14
195,Cucumbers,4.55
195,Turnips,5.28
195,Watercress,2.27
195,Kumquats,1.5
195,Persimmons,1.99
195,Rosemary,2.43
195,Nectarines,4.93
195,Sweet potatoes,3.97
196,Peaches,4.97
196,Parsley,3.75
196,Cucumbers,3.35
196,Broccoli,2.76
196,Cabbage,4.7
196,Dill,3.92
196,Swiss chard,3.01
197,Jackfruit,3.28
197,Beets,1.85
197,Cumin,5.19
197,Leeks,2.32
197,Limes,3.46
197,Raspberries,3.76
198,Figs,2.16
198,Blueberries,3.01
198,Pomegranates,3.76
198,Boysenberries,3.89
198,Tomatoes,2.44
199,Lettuce,4.27
199,Guavas,3.59
199,Blackcurrants,1.81
199,Squash,5.25
199,Brussels sprouts,2.09
199,Mulberries,4.26
199,Cucumbers,4.58
199,Papayas,3.32
199,Peas,3.23
200,Papayas,1.5
200,Celery,5.36
200,Gooseberries,2.31
200,Artichokes,1.21
200,Rambutan,3.03
200,Almonds,1.48
201,Beets,2.22
201,Lettuce,4.5
201,Radishes,2.12
201,Dill,1.81
201,Okra,2.93
201,Coffee beans,3.14
201,Tangerines,5.49
202,Pineberries,5.16
202,Sunflower seeds,3.05
202,Blueberries,3.46
202,Rosemary,2.22
202,Eggplant,4.02
202,Cabbage,4.7
202,Oranges,1.82
202,Basil,3.19
202,Kale,4.99
203,Blueberries,3.97
203,Broccoli,1.15
203,Mustard greens,4.37
203,Mulberries,1.67
203,Hazelnuts,3.9
203,Parsley,1.47
203,Ugli fruit,4.84
203,Cinnamon,3.85
204,Bell peppers,4.73
204,Asparagus,3.85
204,Brussels sprouts,3.09
204,Parsley,4.59
204,Guavas,2.41
205,Kiwifruit,4.5
205,Strawberries,2.47
205,Dill,2.92
206,Turnips,2.83
206,Lettuce,3.94
206,Raspberries,4.42
207,Pineapples,4.66
207,Mulberries,3.99
207,Grapefruits,2.64
207,Swiss chard,2.63
207,Almonds,1.19
208,Beets,5.1
208,Cantaloupes,2.07
208,Potatoes,3.28
208,Grapefruits,1.98
209,Jackfruit,2.85
209,Blackberries,4.5
209,Grapefruits,2.27
210,Kiwi,3.95
210,Elderberries,5.4
210,Turnips,1.23
210,Jackfruit,3.6
210,Apples,4.18
210,Cabbage,4.66
211,Cashews,4.86
211,Cilantro,3.38
211,Almonds,2.66
211,Plums,5.25
212,Leeks,3.22
212,Thyme,4.76
212,Lychee,5.45
212,Parsnips,4.33
212,Beans,3.16
212,Swiss chard,1.7
213,Cranberries,3.26
213,Garlic,1.5
213,Celery,3.38
213,Passionfruit,3.06
213,Peaches,1.54
213,Grapes,2.35
213,Turnips,3.03
213,Cinnamon,5.21
214,Parsley,5.07
214,Figs,2.16
214,Corn,3.44
214,Asparagus,1.45
214,Persimmons,1.9
215,Garlic,3.05
215,Watermelons,2.86
215,Strawberries,2.19
215,Peanuts,5.22
215,Blueberries,4.33
215,Walnuts,2.27
216,Elderberries,3.53
216,Lemons,2.36
216,Grapefruits,1.44
216,Cantaloupes,3.11
216,Limes,4.72
216,Artichokes,4.21
217,Swiss chard,3.71
217,Cabbage,2.08
217,Sage,2.59
217,Turnips,5.08
217,Avocados,4.02
217,Beans,4.08
217,Mint,4.11
217,Asparagus,2.4
217,Watermelons,4.68
218,Currants,2.91
218,Parsnips,4.19
218,Beets,1.11
218,Collard greens,4.38
218,Bananas,1.47
218,Basil,4.7
218,Limes,1.36
218,Gooseberries,2.54
218,Fennel,3.45
219,Lemons,1.57
219,Okra,3.79
219,Strawberries,1.98
219,Pineapples,3.21
219,Almonds,3.84
219,Cantaloupes,3.09
219,Blackberries,3.15
219,Spinach,4.01
219,Bell peppers,1.59
220,Radicchio,2.86
220,Dates,3.89
220,Pecans,1.84
220,Jackfruit,2.03
220,Brussels sprouts,4.23
220,Kumquats,1.21
220,Grapes,2.29
221,Sage,4.31
221,Garlic,1.11
221,Oranges,4.68
221,Turnips,5.24
221,Radicchio,2.91
221,Sweet potatoes,3.35
221,Bananas,5.28
222,Pumpkins,2.81
222,Radicchio,4.67
222,Lychee,3.71
222,Kiwi,1.45
222,Persimmons,4.16
222,Cashews,1.46
223,Thyme,3.3
223,Beets,3.8
223,Rambutan,4.27
223,Coffee beans,1.94
223,Honey,1.74
223,Grapefruits,3.85
223,Grapes,2.08
224,Clementines,2.32
224,Radicchio,3.99
224,Hot peppers,1.56
224,Pomelo,3.04
224,Jackfruit,3.55
224,Marionberries,4.44
224,Corn,4.63
224,Apples,5.39
225,Cucumbers,4.35
225,Sweet potatoes,4.1
225,Chives,4.37
225,Leeks,2.24
225,Zucchini,3.9
226,Dragon fruit,5.12
226,Cherries,4.28
226,Chives,1.83
226,Marionberries,1.23
226,Zucchini,2.11
226,Passionfruit,3.03
226,Celery,5.28
227,Plums,2.09
227,Cantaloupes,3.1
227,Turnips,5.05
227,Mustard greens,1.51
227,Clementines,1.23
227,Dill,4.13
228,Blackberries,3.52
228,Currants,5.43
228,Marionberries,3.15
228,Dates,2.2
228,Artichokes,4.07
229,Squash,4.42
229,Pistachios,2.03
229,Cauliflower,2.75
229,Kiwi,1.86
230,Beets,2.38
230,Pineberries,4.06
230,Almonds,3.49
230,Pistachios,2.32
230,Pumpkins,3.43
230,Blueberries,1.93
230,Spinach,1.41
230,Hazelnuts,2.45
230,Dill,1.24
231,Ugli fruit,3.74
231,Boysenberries,3.81
231,Watermelons,5.06
231,Kale,2.48
232,Hazelnuts,2.25
232,Bok choy,1.86
232,Leeks,1.44
232,Pomelo,4.24
232,Cherimoya,2.28
232,Watermelons,2.72
233,Currants,3.95
233,Corn,4.0
233,Avocados,4.0
233,Pecans,5.4
233,Carrots,5.12
234,Hazelnuts,1.64
234,Brussels sprouts,1.29
234,Sunflower seeds,4.51
234,Sweet potatoes,1.58
234,Apples,1.66
234,Blackberries,1.63
234,Clementines,5.02
234,Onions,5.01
234,Gooseberries,4.78
235,Bok choy,2.63
235,Artichokes,2.76
235,Limes,2.18
235,Lemons,3.13
235,Kiwi,2.79
235,Gooseberries,3.37
235,Mangoes,3.92
235,Chives,2.37
236,Kiwi,5.29
236,Beets,2.36
237,Kale,5.14
237,Limes,3.07
237,Passionfruit,3.35
238,Dates,2.49
238,Radicchio,5.44
238,Apples,3.3
238,Bell peppers,3.52
238,Walnuts,3.26
238,Blueberries,1.17
238,Coffee beans,2.37
238,Blackcurrants,4.43
238,Chives,4.32
238,Honey,5.02
239,Persimmons,4.35
239,Eggplant,1.16
239,Limes,4.13
240,Beans,2.01
240,Onions,4.81
240,Almonds,2.09
241,Limes,5.41
241,Zucchini,4.85
241,Marionberries,1.94
241,Nectarines,5.06
241,Cranberries,1.75
241,Basil,5.0
241,Pomelo,4.09
242,Eggplant,5.33
242,Dragon fruit,3.1
242,Clementines,3.45
243,Brussels sprouts,4.52
243,Tangerines,5.3
243,Cashews,1.68
244,Pistachios,3.61
244,Corn,4.02
244,Tomatoes,2.8
244,Peanuts,1.12
244,Asparagus,1.33
245,Blackcurrants,1.34
245,Onions,4.07
245,Beets,4.89
245,Persimmons,2.2
245,Lychee,4.96
245,Cumin,1.84
245,Peaches,5.17
245,Cucumbers,4.43
245,Lettuce,4.69
246,Potatoes,4.05
246,Beets,3.01
246,Watermelons,4.28
246,Radishes,1.22
246,Sage,4.91
246,Cantaloupes,4.2
246,Cucumbers,2.9
246,Coffee beans,3.3
246,Cilantro,2.88
247,Bell peppers,1.97
247,Collard greens,3.53
247,Mint,2.02
247,Currants,4.16
248,Cabbage,4.04
248,Oranges,2.22
248,Bok choy,3.98
248,Potatoes,5.24
248,Pumpkins,2.48
248,Grapefruits,3.69
249,Basil,2.75
249,Swiss chard,5.41
249,Currants,3.73
249,Thyme,3.31
249,Nectarines,4.84
249,Beans,2.91
250,Cantaloupes,1.5
250,Peanuts,3.82
250,Mint,4.29
250,Onions,4.54
250,Celery,4.99
250,Bananas,1.32
251,Ugli fruit,5.26
251,Dates,2.32
251,Leeks,2.82
252,Cherries,3.68
252,Hot peppers,3.39
252,Pistachios,3.78
252,Limes,3.96
252,Pumpkins,4.33
252,Rambutan,2.26
252,Tangerines,5.16
253,Sage,1.9
253,Lemons,1.64
253,Pineberries,2.28
253,Turnips,3.71
253,Spinach,2.49
253,Pomelo,2.13
253,Artichokes,2.29
253,Pistachios,1.38
254,Figs,1.9
254,Collard greens,5.23
254,Chives,3.57
254,Mulberries,3.36
254,Pistachios,5.25
254,Grapefruits,2.93
255,Currants,3.31
255,Coffee beans,2.2
255,Squash,2.26
255,Watermelons,3.99
255,Gooseberries,1.66
255,Okra,3.93
255,Carrots,3.53
255,Cashews,2.67
255,Basil,2.89
255,Cauliflower,2.01
256,Mulberries,2.1
256,Apples,3.91
256,Pomegranates,1.21
256,Brussels sprouts,4.86
256,Cabbage,3.69
256,Cherimoya,5.12
256,Dragon fruit,2.36
256,Peas,4.18
256,Persimmons,3.81
257,Cranberries,4.97
257,Mulberries,4.66
257,Avocados,4.42
257,Basil,1.16
257,Sage,4.55
257,Corn,1.27
257,Mangoes,4.14
257,Bell peppers,2.42
257,Rosemary,4.95
258,Asparagus,5.34
258,Honey,2.18
258,Raspberries,1.34
258,Onions,2.61
258,Ugli fruit,2.06
258,Brussels sprouts,3.03
258,Kumquats,1.63
259,Collard greens,3.82
259,Tomatoes,1.68
259,Watermelons,4.33
259,Watercress,3.39
259,Thyme,2.63
259,Pineberries,2.11
259,Apricots,2.09
259,Leeks,4.08
260,Cinnamon,2.35
260,Grapefruits,1.84
260,Cabbage,3.32
260,Marionberries,4.17
260,Kale,4.7
260,Plums,2.09
260,Eggplant,3.35
260,Basil,4.27
260,Sweet potatoes,4.34
260,Almonds,4.05
261,Lemons,1.2
261,Cantaloupes,3.84
261,Sweet potatoes,4.83
261,Dill,1.45
261,Dragon fruit,2.56
261,Grapefruits,5.17
261,Basil,2.29
261,Spinach,1.71
262,Apricots,3.77
262,Ugli fruit,3.88
262,Clementines,1.43
262,Dill,4.03
262,Watermelons,5.3
262,Chives,3.25
262,Avocados,2.69
262,Figs,3.8
262,Blackcurrants,3.27
263,Kale,2.71
263,Pomelo,4.07
263,Watercress,1.65
263,Dragon fruit,3.2
263,Lettuce,3.09
263,Marionberries,4.82
263,Radicchio,1.99
263,Blackberries,1.78
264,Marionberries,2.17
264,Brussels sprouts,4.74
264,Pineberries,5.32
265,Plums,4.63
265,Watercress,2.62
265,Eggplant,3.56
265,Tangerines,1.41
265,Pomegranates,1.67
265,Radishes,3.04
266,Limes,5.43
266,Honey,3.06
266,Cherries,4.89
266,Walnuts,2.25
266,Guavas,4.42
266,Sage,2.14
266,Kumquats,5.3
267,Blackberries,1.89
267,Honeydews,4.75
267,Bell peppers,1.44
267,Cherries,3.88
268,Pistachios,2.6
268,Lemons,4.31
268,Potatoes,3.52
268,Cauliflower,4.12
268,Turnips,3.04
268,Avocados,2.19
268,Cinnamon,4.03
269,Fennel,2.28
269,Leeks,1.4
269,Limes,1.87
269,Bananas,2.91
269,Gooseberries,3.73
269,Mint,4.61
269,Pomelo,3.74
270,Kiwifruit,4.35
270,Kiwi,4.1
270,Okra,4.17
270,Turnips,2.03
270,Asparagus,1.58
271,Celery,1.15
271,Blackberries,3.35
271,Jackfruit,3.81
271,Almonds,1.17
272,Celery,4.41
272,Sunflower seeds,3.34
272,Mangoes,1.71
272,Squash,1.78
272,Kumquats,3.3
272,Peaches,4.0
272,Mustard greens,3.96
273,Rosemary,3.61
273,Garlic,2.35
273,Thyme,5.28
273,Watercress,3.52
273,Cucumbers,4.15
273,Collard greens,3.18
273,Persimmons,4.22
273,Artichokes,4.94
273,Cumin,4.87
274,Radishes,2.58
274,Boysenberries,5.33
274,Potatoes,2.58
274,Beans,3.46
274,Spinach,3.21
274,Rambutan,4.94
274,Okra,2.32
275,Bok choy,4.58
275,Guavas,5.07
275,Pomegranates,5.14
275,Artichokes,4.52
275,Sunflower seeds,4.76
275,Nectarines,3.75
275,Cherimoya,3.55
275,Corn,1.46
275,Jackfruit,4.84
275,Cranberries,2.45
276,Radishes,1.28
276,Oranges,2.91
276,Passionfruit,4.35
276,Kale,4.65
276,Marionberries,3.92
276,Dragon fruit,3.76
276,Bok choy,1.48
276,Mint,3.62
276,Rambutan,4.62
277,Cauliflower,4.64
277,Okra,2.29
277,Tomatoes,5.01
277,Persimmons,2.62
277,Cinnamon,2.35
278,Peas,3.59
278,Pomegranates,5.08
278,Chives,1.67
279,Cumin,4.86
279,Asparagus,4.99
279,Ugli fruit,5.17
279,Potatoes,2.63
279,Collard greens,4.12
279,Tomatoes,4.56
280,Ugli fruit,2.46
280,Limes,5.32
280,Blueberries,2.96
280,Brussels sprouts,4.71
280,Jackfruit,4.54
280,Nectarines,2.17
280,Strawberries,3.7
280,Garlic,3.68
280,Watercress,3.39
281,Raspberries,2.86
281,Bok choy,4.26
281,Clementines,2.2
281,Cumin,2.61
281,Kiwifruit,4.13
282,Nectarines,1.54
282,Chives,1.51
282,Currants,4.33
282,Passionfruit,1.98
282,Onions,1.52
282,Kumquats,4.19
282,Parsnips,3.23
282,Pomegranates,3.91
282,Boysenberries,4.37
283,Dragon fruit,4.72
283,Eggplant,2.89
283,Rosemary,3.69
283,Cauliflower,4.49
283,Dill,4.61
283,Broccoli,3.88
283,Pineberries,5.03
283,Turnips,1.47
284,Mint,1.55
284,Okra,3.97
284,Corn,1.69
284,Cucumbers,2.28
284,Papayas,1.18
284,Beets,5.49
284,Hot peppers,3.97
284,Guavas,2.71
284,Boysenberries,3.59
284,Tangerines,5.48
285,Parsley,2.35
285,Boysenberries,4.05
285,Mulberries,2.16
285,Spinach,1.71
285,Artichokes,4.21
285,Bell peppers,3.33
286,Carrots,2.93
286,Lychee,1.41
286,Beets,4.93
287,Beans,3.28
287,Persimmons,2.64
287,Kale,2.86
287,Tangerines,1.55
287,Thyme,5.16
288,Hot peppers,2.14
288,Almonds,4.81
288,Walnuts,3.98
288,Jackfruit,1.69
288,Guavas,5.0
288,Elderberries,1.44
288,Figs,5.21
288,Beans,2.13
289,Eggplant,5.36
289,Lemons,4.28
289,Gooseberries,4.26
289,Boysenberries,2.96
289,Cashews,2.18
290,Mint,1.49
290,Kiwi,1.14
290,Sage,3.79
290,Cinnamon,5.01
290,Corn,1.47
290,Chives,3.57
290,Turnips,3.62
290,Okra,4.78
291,Honeydews,5.35
291,Cherimoya,5.26
291,Coffee beans,5.07
291,Currants,5.23
291,Peas,3.82
291,Grapes,4.98
292,Chives,4.91
292,Hazelnuts,2.19
292,Cherries,4.29
292,Blackcurrants,3.57
292,Rosemary,3.67
292,Kiwi,5.3
292,Figs,4.14
292,Carrots,4.55
292,Cinnamon,1.61
293,Almonds,3.92
293,Cranberries,4.12
293,Bell peppers,3.83
293,Carrots,5.14
293,Peas,1.74
293,Grapes,4.69
293,Guavas,5.03
293,Walnuts,2.43
294,Bell peppers,4.45
294,Cinnamon,4.9
294,Carrots,3.4
294,Figs,5.25
294,Cherimoya,4.33
294,Pomelo,3.96
294,Sweet potatoes,4.19
294,Elderberries,4.22
294,Mangoes,2.4
294,Sunflower seeds,1.7
295,Watermelons,1.29
295,Parsnips,4.16
295,Honey,3.8
296,Mustard greens,1.16
296,Blackberries,5.05
296,Pomelo,3.83
296,Dill,4.21
296,Cashews,1.64
296,Mulberries,1.39
296,Beets,3.55
297,Sunflower seeds,1.97
297,Beans,1.46
297,Lychee,3.51
297,Cilantro,5.04
297,Pecans,4.79
297,Broccoli,2.08
297,Squash,2.56
298,Radishes,1.93
298,Honey,2.32
298,Guavas,2.48
298,Apples,5.41
298,Pistachios,3.61
298,Oranges,4.19
299,Strawberries,4.34
299,Gooseberries,3.52
299,Corn,3.11
299,Beets,1.92
300,Corn,1.34
300,Kiwifruit,4.19
300,Guavas,5.43
300,Lemons,2.49
300,Strawberries,4.5
300,Hot peppers,5.4
300,Coffee beans,2.48
300,Pineapples,3.36
300,Mint,1.91
300,Grapefruits,1.2
301,Pistachios,1.55
301,Watercress,2.76
301,Strawberries,4.98
301,Blackcurrants,1.48
301,Avocados,1.27
301,Lettuce,3.03
301,Parsnips,1.43
302,Cashews,5.42
302,Cherries,2.88
302,Boysenberries,5.2
302,Zucchini,5.2
302,Avocados,4.23
302,Ugli fruit,4.73
302,Celery,3.64
302,Honey,5.04
302,Rambutan,5.11
303,Passionfruit,2.43
303,Bok choy,4.42
303,Figs,4.3
303,Blackberries,5.11
304,Radicchio,5.05
304,Chives,1.11
304,Cabbage,2.42
304,Nectarines,2.15
304,Artichokes,3.81
304,Dragon fruit,1.74
304,Bell peppers,1.6
304,Grapes,1.37
304,Sweet potatoes,3.62
304,Elderberries,3.22
305,Leeks,2.56
305,Apples,3.9
305,Spinach,3.06
305,Cinnamon,2.36
305,Cherries,3.7
305,Tangerines,3.55
305,Sweet potatoes,4.8
305,Bananas,4.18
305,Walnuts,4.97
306,Dates,3.64
306,Zucchini,4.16
306,Kumquats,3.37
306,Watercress,4.83
306,Peaches,5.18
306,Cherries,3.62
306,Cilantro,2.19
307,Oranges,1.9
307,Currants,4.26
307,Kale,3.42
307,Parsnips,2.14
307,Figs,1.84
307,Beans,3.86
307,Persimmons,4.66
308,Limes,5.13
308,Pineapples,2.8
308,Grapefruits,5.21
308,Bok choy,5.08
308,Potatoes,3.1
308,Parsley,5.29
308,Radicchio,1.89
308,Guavas,3.6
309,Spinach,1.77
309,Fennel,3.96
309,Pineapples,1.4
309,Tangerines,4.32
309,Leeks,4.97
309,Blueberries,4.16
309,Pomelo,4.68
309,Carrots,2.04
309,Dates,3.5
310,Carrots,4.15
310,Mulberries,5.36
310,Boysenberries,1.63
310,Okra,5.28
310,Celery,2.78
310,Grapes,2.9
310,Mustard greens,3.63
310,Kiwi,3.04
311,Coffee beans,2.18
311,Cherimoya,2.11
311,Cherries,2.77
312,Cauliflower,4.71
312,Lychee,1.94
312,Thyme,2.38
312,Marionberries,3.72
312,Figs,2.23
312,Bok choy,4.24
312,Rambutan,2.99
313,Gooseberries,2.43
313,Dates,2.28
313,Collard greens,4.93
313,Bananas,2.12
313,Bell peppers,1.72
313,Bok choy,5.02
313,Lychee,5.13
313,Cilantro,1.79
313,Hot peppers,3.54
313,Honeydews,4.12
314,Pomelo,2.66
314,Fennel,4.29
314,Cilantro,1.83
314,Cashews,3.29
314,Nectarines,4.1
314,Kiwi,1.59
314,Lettuce,5.36
314,Raspberries,4.84
314,Gooseberries,4.38
314,Rambutan,2.69
315,Kumquats,4.26
315,Mustard greens,3.15
315,Passionfruit,3.76
315,Peanuts,1.35
315,Raspberries,2.82
315,Pineapples,2.98
315,Tangerines,3.57
315,Basil,1.43
315,Papayas,3.77
316,Pecans,2.89
316,Cucumbers,4.41
316,Limes,3.14
316,Pomegranates,4.0
316,Asparagus,4.48
316,Hazelnuts,5.48
316,Leeks,1.3
317,Papayas,1.61
317,Artichokes,3.33
317,Raspberries,3.01
317,Figs,5.44
317,Broccoli,2.24
318,Spinach,3.49
318,Okra,4.14
318,Celery,4.01
318,Tomatoes,1.37
318,Coffee beans,5.22
318,Nectarines,1.19
318,Parsnips,2.25
318,Pumpkins,5.23
319,Okra,3.44
319,Garlic,4.51
319,Lychee,4.54
319,Walnuts,2.72
319,Dates,2.78
319,Radishes,1.52
320,Zucchini,1.92
320,Dill,4.88
320,Peas,4.49
320,Cauliflower,1.34
320,Lychee,1.21
320,Bok choy,3.18
320,Lettuce,3.53
320,Sunflower seeds,5.41
320,Tomatoes,5.38
321,Plums,2.14
321,Celery,4.49
321,Sweet potatoes,3.71
321,Chives,4.44
321,Radicchio,3.47
321,Nectarines,5.41
321,Hazelnuts,2.37
321,Broccoli,3.48
321,Marionberries,1.76
322,Eggplant,4.3
322,Rambutan,5.28
322,Zucchini,3.1
322,Watercress,4.91
322,Ugli fruit,5.29
322,Radicchio,4.14
322,Bananas,4.39
322,Sunflower seeds,3.95
322,Carrots,5.27
323,Dill,2.76
323,Mint,4.91
323,Tomatoes,4.72
323,Boysenberries,4.2
323,Celery,2.64
323,Zucchini,3.48
323,Sage,2.01
323,Pomelo,1.24
323,Pomegranates,3.53
323,Fennel,2.47
324,Sage,3.02
324,Parsnips,1.4
324,Cherries,4.38
325,Kale,4.65
325,Marionberries,2.74
325,Nectarines,4.61
325,Papayas,5.29
325,Pineberries,1.58
325,Elderberries,1.8
325,Cauliflower,3.09
325,Apricots,3.56
326,Cantaloupes,3.56
326,Carrots,5.11
326,Cauliflower,1.52
326,Cashews,1.69
326,Pineapples,2.08
326,Passionfruit,5.46
326,Marionberries,3.75
326,Persimmons,3.83
326,Asparagus,3.56
327,Tangerines,3.01
327,Honeydews,2.19
327,Mangoes,4.74
327,Kale,3.95
327,Bananas,1.21
327,Almonds,5.32
328,Currants,3.2
328,Cherries,2.02
328,Sage,5.09
328,Avocados,4.54
328,Sunflower seeds,1.66
329,Okra,2.31
329,Bok choy,3.14
329,Lychee,3.42
329,Apricots,4.83
329,Kumquats,1.93
329,Avocados,2.98
329,Peaches,4.74
330,Brussels sprouts,4.77
330,Onions,4.36
330,Plums,2.07
330,Pumpkins,2.06
330,Broccoli,4.47
331,Pomegranates,2.17
331,Kale,2.08
331,Blueberries,5.08
331,Almonds,3.45
332,Pomelo,3.87
332,Leeks,4.34
332,Ugli fruit,2.41
332,Cauliflower,4.08
332,Dragon fruit,1.64
332,Basil,1.83
333,Dates,5.09
333,Watermelons,1.58
333,Gooseberries,1.14
333,Parsnips,5.26
334,Honeydews,3.63
334,Walnuts,2.82
334,Squash,1.12
334,Cinnamon,3.71
334,Kiwifruit,1.68
334,Persimmons,2.93
334,Sweet potatoes,1.23
334,Oranges,1.33
334,Pumpkins,2.64
335,Tomatoes,1.11
335,Watercress,2.93
336,Pistachios,1.16
336,Cranberries,1.98
336,Cabbage,4.15
337,Beans,1.69
337,Figs,2.62
337,Blueberries,3.57
337,Grapes,3.54
337,Basil,1.16
337,Asparagus,2.19
338,Squash,3.01
338,Pomegranates,4.16
338,Bok choy,1.5
338,Pecans,1.97
338,Radishes,5.45
339,Radicchio,5.43
339,Pineapples,4.05
339,Strawberries,4.98
339,Sunflower seeds,4.85
339,Honey,2.78
340,Parsnips,5.22
340,Okra,3.27
340,Garlic,2.7
340,Squash,3.62
340,Carrots,1.91
340,Elderberries,2.11
340,Walnuts,3.94
340,Rambutan,4.04
340,Currants,3.62
341,Dill,4.93
341,Asparagus,3.34
341,Lychee,3.0
341,Sunflower seeds,3.62
341,Blueberries,2.57
341,Hazelnuts,5.36
341,Sage,2.97
341,Kumquats,4.72
341,Cumin,1.4
341,Mangoes,1.55
342,Pomegranates,5.03
342,Clementines,2.26
342,Basil,1.88
342,Collard greens,5.34
342,Boysenberries,4.29
342,Mint,3.62
342,Bananas,4.7
343,Pineapples,4.7
343,Bananas,3.5
343,Papayas,1.51
343,Mustard greens,2.56
343,Limes,4.0
344,Almonds,1.63
344,Elderberries,3.06
344,Squash,1.52
344,Artichokes,5.07
344,Parsley,4.26
344,Garlic,2.58
344,Raspberries,5.43
344,Pineberries,1.4
344,Marionberries,5.22
345,Almonds,2.21
345,Apples,2.77
345,Parsley,4.35
345,Pumpkins,2.61
345,Tangerines,3.22
345,Onions,2.98
345,Watercress,2.16
345,Grapefruits,3.18
345,Watermelons,4.43
346,Pistachios,3.8
346,Swiss chard,5.22
346,Kiwifruit,4.2
346,Pineberries,3.65
346,Kumquats,3.13
346,Carrots,5.01
346,Coffee beans,4.5
346,Blackberries,1.58
347,Hazelnuts,2.55
347,Chives,3.18
347,Raspberries,1.51
347,Eggplant,5.08
347,Walnuts,2.64
347,Cinnamon,4.27
347,Fennel,1.54
347,Guavas,2.6
348,Cantaloupes,3.8
348,Turnips,2.81
348,Rosemary,4.18
348,Dates,1.22
348,Papayas,1.1
348,Cilantro,2.02
348,Almonds,4.47
348,Pineapples,5.14
349,Passionfruit,5.14
349,Persimmons,4.41
349,Tangerines,1.63
349,Chives,3.13
350,Radishes,2.71
350,Walnuts,3.71
350,Sweet potatoes,4.21
350,Dates,2.91
350,Cucumbers,3.93
350,Rambutan,1.86
351,Elderberries,1.41
351,Parsley,1.77
351,Thyme,5.15
351,Peanuts,4.05
351,Collard greens,3.81
351,Marionberries,1.42
352,Cumin,2.39
352,Bok choy,3.13
352,Onions,2.27
352,Radicchio,2.45
352,Almonds,2.57
352,Beets,3.79
352,Raspberries,4.51
352,Kale,3.59
352,Cherimoya,2.12
353,Nectarines,1.44
353,Marionberries,4.7
353,Mint,3.22
353,Ugli fruit,5.19
353,Beans,4.84
353,Mulberries,5.41
353,Boysenberries,3.36
353,Leeks,1.69
354,Pineberries,3.67
354,Peas,1.69
354,Cabbage,5.21
354,Elderberries,3.59
354,Honeydews,3.27
354,Okra,1.19
354,Celery,1.56
355,Blackcurrants,2.58
355,Apricots,1.26
355,Blueberries,5.27
355,Thyme,2.29
356,Brussels sprouts,5.39
356,Figs,5.37
356,Mint,4.97
356,Sunflower seeds,3.91
356,Avocados,2.71
356,Pumpkins,2.57
357,Passionfruit,3.24
357,Grapefruits,4.46
357,Corn,1.69
357,Cucumbers,3.8
357,Cilantro,4.02
357,Thyme,5.21
357,Apricots,3.33
357,Sage,4.86
357,Potatoes,3.8
358,Bok choy,4.3
358,Jackfruit,2.17
358,Tomatoes,2.5
358,Cranberries,2.79
358,Corn,2.02
358,Nectarines,4.99
359,Asparagus,4.52
359,Bananas,2.93
359,Turnips,4.7
360,Watermelons,5.4
360,Mint,3.35
360,Peaches,2.52
360,Asparagus,1.78
360,Onions,3.83
360,Grapes,3.12
360,Lettuce,2.56
360,Eggplant,3.76
360,Cashews,4.35
361,Kiwi,3.73
361,Persimmons,2.43
361,Corn,4.17
361,Elderberries,2.82
361,Lemons,4.7
361,Pumpkins,1.33
362,Beans,3.36
362,Artichokes,4.04
362,Apricots,2.99
362,Hot peppers,4.37
362,Spinach,1.47
362,Parsnips,1.99
363,Cumin,2.13
363,Gooseberries,2.9
363,Sage,4.38
363,Kiwifruit,1.52
363,Lettuce,2.22
364,Cabbage,2.05
364,Cashews,1.98
364,Dragon fruit,4.35
364,Passionfruit,3.64
364,Swiss chard,3.61
364,Radicchio,3.29
364,Chives,5.2
364,Onions,1.68
364,Rosemary,5.49
365,Raspberries,3.63
365,Watercress,4.5
365,Mustard greens,3.77
365,Eggplant,2.41
365,Parsley,2.77
365,Elderberries,4.24
365,Blackcurrants,3.8
366,Mangoes,4.95
366,Blackberries,4.66
366,Passionfruit,1.15
366,Cherimoya,3.33
366,Cabbage,3.51
366,Gooseberries,1.8
367,Pistachios,3.41
367,Onions,3.52
367,Watermelons,2.51
367,Pecans,1.7
368,Cranberries,3.08
368,Strawberries,1.54
368,Persimmons,3.98
368,Grapefruits,2.16
368,Figs,4.18
369,Hazelnuts,1.81
369,Mint,3.28
369,Peas,4.74
369,Corn,3.55
369,Zucchini,5.07
369,Bok choy,1.26
369,Avocados,4.78
369,Lettuce,1.25
370,Coffee beans,4.6
370,Sweet potatoes,3.5
370,Eggplant,1.75
370,Kiwi,2.17
370,Blackcurrants,3.72
370,Gooseberries,5.13
370,Watercress,3.69
370,Honey,2.87
371,Cauliflower,2.07
371,Almonds,4.4
371,Radishes,3.03
371,Papayas,3.59
371,Oranges,2.49
371,Apricots,4.77
372,Parsley,1.32
372,Kiwi,3.11
372,Peaches,3.4
372,Basil,4.8
372,Sage,1.32
372,Pistachios,4.81
372,Avocados,2.96
373,Turnips,1.64
373,Cilantro,3.05
373,Figs,2.26
373,Spinach,1.51
373,Pomegranates,1.84
373,Currants,4.24
374,Bell peppers,3.93
374,Grapefruits,3.02
374,Cherimoya,1.57
375,Mulberries,2.69
375,Peas,2.14
375,Peaches,3.26
375,Lemons,3.37
375,Lettuce,1.76
375,Peanuts,1.47
375,Oranges,1.79
376,Blackcurrants,4.12
376,Mint,5.22
376,Sunflower seeds,3.98
376,Pineberries,4.26
376,Cashews,1.66
377,Currants,5.4
377,Guavas,1.89
377,Cauliflower,3.16
377,Figs,3.68
377,Avocados,5.45
378,Hazelnuts,2.97
378,Boysenberries,3.75
378,Pomelo,2.44
378,Grapes,4.13
378,Cilantro,2.47
379,Cilantro,1.66
379,Corn,4.43
379,Pineberries,1.85
379,Peanuts,3.15
379,Spinach,5.24
379,Blackcurrants,1.65
380,Thyme,4.02
380,Figs,2.8
380,Peanuts,5.08
380,Honey,4.18
381,Sweet potatoes,1.9
381,Rosemary,5.04
381,Beets,4.58
381,Cilantro,2.75
381,Sunflower seeds,1.23
381,Rambutan,3.66
382,Oranges,4.72
382,Peaches,2.59
382,Apricots,2.09
382,Cashews,4.64
382,Persimmons,4.4
382,Sweet potatoes,5.32
383,Honeydews,3.3
383,Beets,3.23
383,Bok choy,4.31
383,Limes,3.35
383,Bananas,4.08
383,Strawberries,3.33
383,Pineapples,4.09
383,Cauliflower,3.37
384,Eggplant,3.22
384,Blackberries,2.77
384,Mangoes,4.99
384,Cranberries,5.41
385,Hazelnuts,2.25
385,Bananas,3.13
385,Eggplant,2.99
385,Beans,2.66
385,Swiss chard,2.93
386,Thyme,1.25
386,Mulberries,4.02
386,Oranges,4.62
386,Dates,2.36
386,Collard greens,2.41
386,Parsnips,5.08
387,Coffee beans,3.64
387,Avocados,3.28
387,Bell peppers,2.58
387,Potatoes,4.02
387,Kale,1.7
387,Parsley,2.71
388,Cabbage,3.46
388,Broccoli,5.23
388,Blackberries,2.47
388,Collard greens,5.35
388,Radicchio,3.45
389,Cantaloupes,2.11
389,Mulberries,4.6
389,Peaches,1.36
389,Apricots,3.28
390,Potatoes,1.82
390,Sweet potatoes,3.91
390,Thyme,2.55
390,Honey,1.6
390,Avocados,1.92
390,Cucumbers,4.03
390,Peaches,2.41
390,Pomegranates,5.45
390,Collard greens,2.39
391,Bok choy,3.15
391,Swiss chard,1.33
391,Dragon fruit,4.34
392,Watercress,1.93
392,Pineapples,3.74
392,Kumquats,4.45
392,Gooseberries,1.55
392,Cranberries,1.76
392,Garlic,2.09
393,Asparagus,5.26
393,Radishes,2.6
393,Basil,3.29
394,Pumpkins,1.77
394,Rosemary,1.17
394,Raspberries,3.08
394,Mangoes,3.65
394,Passionfruit,5.29
395,Boysenberries,1.96
395,Pecans,2.95
395,Cantaloupes,1.69
396,Clementines,3.69
396,Kumquats,4.83
396,Apricots,3.56
396,Artichokes,3.79
396,Parsley,3.7
396,Nectarines,4.91
396,Lettuce,3.69
396,Mustard greens,1.11
397,Cashews,2.55
397,Blackberries,2.8
397,Mulberries,2.79
397,Kiwi,3.97
397,Garlic,2.43
397,Basil,4.36
397,Cumin,1.13
397,Gooseberries,4.94
398,Persimmons,5.09
398,Cantaloupes,2.05
398,Cabbage,2.74
398,Oranges,3.25
398,Asparagus,3.33
398,Cherries,3.14
398,Lettuce,4.13
398,Hazelnuts,2.65
398,Cashews,4.99
398,Eggplant,4.11
399,Collard greens,4.46
399,Tomatoes,1.23
399,Peas,2.4
399,Nectarines,1.69
400,Cashews,1.5
400,Kale,1.84
400,Tomatoes,1.52
400,Leeks,4.6
400,Corn,5.28
400,Elderberries,4.87
400,Guavas,5.39
401,Squash,4.1
401,Rosemary,4.42
401,Plums,4.33
401,Cucumbers,2.21
401,Bok choy,3.51
401,Beans,5.03
401,Kiwifruit,3.94
402,Broccoli,5.06
402,Clementines,4.89
402,Blueberries,5.29
402,Rosemary,1.83
402,Collard greens,4.0
403,Apples,4.18
403,Grapes,3.22
403,Limes,5.47
403,Apricots,2.69
403,Rosemary,1.54
403,Mulberries,1.38
404,Apricots,3.49
404,Coffee beans,3.22
404,Lychee,1.68
404,Parsnips,1.66
404,Radishes,3.68
404,Swiss chard,2.67
404,Mustard greens,1.58
404,Currants,1.41
404,Turnips,2.06
405,Chives,5.13
405,Swiss chard,2.8
405,Grapefruits,3.07
405,Bok choy,1.28
405,Tomatoes,1.66
406,Honey,2.39
406,Sweet potatoes,5.47
406,Parsley,2.36
406,Boysenberries,4.47
406,Brussels sprouts,1.96
406,Mustard greens,4.91
406,Limes,4.12
407,Cashews,2.05
407,Blueberries,1.5
407,Cantaloupes,3.86
407,Pecans,1.29
407,Bok choy,1.88
407,Guavas,1.53
407,Cherries,2.05
407,Artichokes,4.12
407,Grapes,2.29
408,Peaches,3.4
408,Collard greens,3.3
408,Gooseberries,4.97
408,Cumin,1.53
408,Rambutan,1.44
408,Bok choy,2.02
409,Bok choy,4.35
409,Cantaloupes,5.44
409,Carrots,3.56
409,Oranges,2.57
409,Papayas,3.95
409,Honey,1.39
409,Chives,1.28
409,Mint,5.27
409,Asparagus,5.01
410,Boysenberries,5.34
410,Honeydews,2.84
410,Papayas,2.94
410,Carrots,4.33
411,Turnips,5.44
411,Cucumbers,3.29
411,Walnuts,2.7
411,Dates,3.47
411,Pomegranates,4.75
412,Cabbage,2.41
412,Peas,1.29
412,Beets,4.58
412,Jackfruit,3.93
412,Cilantro,1.34
412,Pineberries,3.5
413,Jackfruit,2.36
413,Garlic,5.17
413,Grapefruits,5.25
413,Mulberries,5.41
413,Beets,3.25
413,Marionberries,4.7
413,Mangoes,2.09
413,Tomatoes,5.02
413,Bell peppers,3.75
414,Onions,2.61
414,Ugli fruit,4.42
414,Leeks,4.4
414,Lychee,5.04
414,Figs,1.7
414,Marionberries,2.14
414,Blackcurrants,3.63
415,Raspberries,3.68
415,Mangoes,1.45
415,Dill,1.85
415,Honeydews,4.06
415,Watercress,2.34
416,Leeks,2.57
416,Dill,3.71
416,Spinach,1.35
416,Nectarines,3.03
416,Parsley,2.1
416,Lychee,2.36
416,Pineapples,4.55
416,Walnuts,4.9
417,Tomatoes,2.01
417,Guavas,2.95
417,Asparagus,4.16
417,Basil,1.17
417,Cumin,3.66
417,Celery,3.65
417,Carrots,4.45
417,Hot peppers,3.52
418,Leeks,3.52
418,Cinnamon,3.54
418,Peaches,2.96
418,Strawberries,4.18
419,Cashews,3.68
419,Mustard greens,3.68
419,Bok choy,3.57
419,Tangerines,4.4
420,Collard greens,1.31
420,Squash,1.64
420,Parsley,5.29
420,Basil,1.88
420,Guavas,3.14
420,Jackfruit,5.27
420,Cucumbers,5.28
420,Grapes,4.85
421,Bananas,3.45
421,Oranges,3.42
421,Mint,1.35
421,Pomegranates,2.89
421,Cauliflower,3.34
421,Asparagus,2.31
421,Marionberries,3.01
422,Sage,3.35
422,Pineberries,1.32
422,Asparagus,3.15
422,Mustard greens,5.39
422,Sunflower seeds,5.1
423,Lettuce,1.82
423,Swiss chard,1.26
423,Carrots,1.37
423,Pecans,4.81
424,Nectarines,4.09
424,Lychee,1.51
424,Leeks,3.31
424,Avocados,4.84
424,Mustard greens,1.84
424,Cilantro,4.23
424,Bananas,3.18
425,Bell peppers,2.78
425,Carrots,2.91
425,Pomelo,2.58
425,Corn,3.87
426,Kiwifruit,3.98
426,Sage,3.86
426,Mint,2.35
426,Squash,1.6
426,Papayas,5.13
426,Leeks,4.78
426,Cumin,1.5
427,Raspberries,2.36
427,Plums,3.38
427,Dragon fruit,1.8
427,Zucchini,3.75
427,Kiwi,2.5
427,Pineberries,4.53
428,Mangoes,2.01
428,Bananas,5.24
428,Limes,3.68
428,Cantaloupes,4.65
428,Guavas,5.11
428,Apples,2.36
429,Peanuts,4.74
429,Almonds,1.73
429,Pomelo,2.7
429,Chives,1.12
429,Mangoes,4.79
429,Cilantro,4.26
430,Cumin,4.41
430,Dill,4.82
430,Ugli fruit,2.74
430,Rambutan,1.92
430,Lemons,3.44
430,Beets,1.29
430,Mustard greens,1.59
430,Boysenberries,4.95
431,Tangerines,2.55
431,Peanuts,2.71
431,Lychee,1.98
431,Strawberries,4.68
432,Swiss chard,5.36
432,Celery,3.95
432,Mustard greens,1.51
432,Sunflower seeds,5.28
433,Lettuce,3.23
433,Avocados,1.22
433,Spinach,3.47
433,Thyme,3.68
434,Cinnamon,5.19
434,Passionfruit,2.72
434,Boysenberries,4.13
434,Cumin,1.41
434,Cucumbers,1.56
435,Dragon fruit,3.91
435,Dill,1.98
435,Peas,3.81
435,Zucchini,4.14
435,Bananas,2.32
435,Spinach,4.38
435,Bell peppers,4.26
436,Gooseberries,3.17
436,Figs,1.91
436,Peas,4.79
436,Eggplant,3.24
436,Pineberries,2.75
436,Celery,3.42
437,Persimmons,2.16
437,Bok choy,4.42
437,Papayas,3.46
437,Parsnips,4.36
437,Pistachios,4.67
437,Kale,3.92
438,Dragon fruit,3.03
438,Nectarines,1.56
438,Lychee,3.91
438,Coffee beans,3.48
438,Passionfruit,3.13
439,Collard greens,5.15
439,Apricots,4.3
439,Pumpkins,2.01
439,Garlic,3.99
439,Cashews,3.3
439,Pistachios,2.23
440,Pecans,3.16
440,Mint,2.37
440,Cilantro,5.43
441,Apricots,4.36
441,Plums,3.36
441,Marionberries,2.38
441,Ugli fruit,3.55
441,Cherries,3.87
442,Pecans,5.02
442,Hot peppers,4.14
442,Sweet potatoes,3.64
442,Limes,1.88
443,Spinach,1.93
443,Tomatoes,4.04
443,Cherries,2.62
444,Guavas,4.67
444,Mustard greens,3.53
444,Bell peppers,2.33
445,Grapefruits,2.16
445,Cumin,3.47
445,Thyme,3.65
446,Apples,3.98
446,Squash,3.75
446,Pomelo,5.03
446,Sweet potatoes,2.69
446,Cashews,2.5
447,Broccoli,3.2
447,Cumin,5.38
447,Dragon fruit,4.79
448,Bok choy,2.37
448,Pineberries,4.09
448,Beets,2.92
448,Apples,2.49
448,Ugli fruit,1.56
448,Honey,1.36
449,Persimmons,3.13
449,Lemons,1.32
449,Peanuts,3.33
449,Beans,4.28
450,Cranberries,5.14
450,Nectarines,3.17
450,Rambutan,2.87
451,Eggplant,3.11
451,Thyme,4.13
451,Honey,2.03
451,Grapefruits,5.23
451,Blueberries,5.17
451,Gooseberries,4.59
451,Apples,5.42
451,Asparagus,4.83
452,Radishes,2.82
452,Plums,3.81
452,Parsley,5.47
452,Mangoes,3.44
452,Leeks,4.1
452,Tangerines,4.66
453,Lychee,2.16
453,Broccoli,3.49
453,Mustard greens,4.25
453,Kiwifruit,3.05
453,Fennel,1.27
454,Honeydews,2.82
454,Pumpkins,4.98
454,Jackfruit,4.24
454,Rambutan,4.41
454,Cilantro,1.69
454,Mint,4.97
454,Apricots,3.89
454,Currants,1.57
454,Celery,2.67
455,Apricots,5.47
455,Cilantro,2.59
455,Peas,3.61
455,Rosemary,4.11
455,Figs,1.94
455,Rambutan,1.83
455,Limes,3.53
455,Boysenberries,3.95
456,Apples,4.36
456,Cabbage,4.31
456,Peas,4.6
456,Persimmons,4.14
456,Apricots,4.3
456,Parsley,4.53
456,Rosemary,1.62
456,Hazelnuts,1.54
456,Turnips,1.61
456,Eggplant,3.28
457,Bananas,4.91
457,Honeydews,3.05
457,Celery,2.04
457,Cucumbers,3.09
457,Dates,3.3
457,Mulberries,5.41
458,Persimmons,2.42
458,Squash,1.88
458,Cashews,4.17
459,Swiss chard,1.16
459,Corn,4.92
459,Ugli fruit,1.39
460,Kale,4.55
460,Limes,1.4
460,Tangerines,4.28
460,Watermelons,1.82
461,Radicchio,3.25
461,Dragon fruit,3.4
461,Tomatoes,4.89
462,Radishes,1.2
462,Swiss chard,3.68
462,Dragon fruit,1.57
462,Plums,1.72
463,Blueberries,1.99
463,Mint,5.37
463,Collard greens,4.37
463,Tangerines,3.29
463,Oranges,3.79
463,Garlic,5.45
463,Mustard greens,4.43
464,Elderberries,2.95
464,Grapes,3.35
464,Clementines,1.99
464,Broccoli,4.84
465,Pomegranates,3.21
465,Sage,4.57
465,Brussels sprouts,2.88
465,Pumpkins,1.6
465,Grapefruits,5.5
465,Cumin,3.94
465,Dill,3.26
465,Okra,3.67
466,Cashews,5.4
466,Guavas,2.17
466,Parsley,4.23
466,Potatoes,2.41
466,Sweet potatoes,3.41
466,Hazelnuts,3.19
467,Dill,2.91
467,Fennel,2.63
467,Grapes,3.76
468,Grapefruits,3.63
468,Leeks,5.05
468,Cilantro,2.82
468,Radishes,4.49
468,Fennel,4.55
468,Turnips,4.29
469,Lychee,2.26
469,Boysenberries,4.24
469,Peas,5.46
469,Clementines,3.06
469,Parsnips,2.32
469,Sage,3.84
469,Chives,3.48
470,Pomegranates,4.81
470,Cilantro,5.46
470,Gooseberries,2.14
471,Potatoes,5.09
471,Marionberries,1.11
471,Apricots,3.93
471,Mint,2.47
471,Guavas,4.67
471,Lemons,1.74
471,Asparagus,2.08
472,Okra,2.22
472,Rambutan,2.08
472,Carrots,1.9
472,Grapefruits,5.1
472,Cinnamon,3.02
472,Potatoes,2.04
472,Walnuts,5.16
472,Raspberries,5.36
472,Brussels sprouts,2.26
473,Dragon fruit,3.74
473,Kiwi,1.72
473,Marionberries,2.04
473,Parsley,2.08
474,Cauliflower,1.97
474,Coffee beans,5.01
474,Peaches,5.5
475,Honeydews,5.19
475,Sweet potatoes,4.6
475,Blackberries,3.69
475,Cauliflower,2.25
475,Spinach,4.63
475,Cantaloupes,3.63
475,Coffee beans,1.28
476,Cherimoya,3.73
476,Bok choy,2.9
476,Kumquats,2.8
476,Zucchini,1.16
476,Artichokes,3.77
476,Kiwi,1.66
476,Apricots,2.89
476,Potatoes,3.22
476,Apples,1.24
476,Kale,3.85
477,Rosemary,4.32
477,Collard greens,3.4
477,Parsley,4.08
477,Potatoes,2.35
478,Rosemary,2.25
478,Cherries,4.16
478,Corn,2.62
478,Eggplant,4.26
478,Cauliflower,3.12
478,Onions,4.57
478,Honeydews,2.66
478,Blueberries,3.19
478,Strawberries,3.8
479,Clementines,4.44
479,Cilantro,3.8
479,Fennel,2.5
480,Chives,2.92
480,Parsnips,2.39
480,Dragon fruit,2.51
480,Sage,3.13
480,Papayas,2.91
480,Broccoli,2.4
480,Tangerines,2.09
481,Rosemary,5.24
481,Oranges,5.17
481,Peanuts,2.75
481,Pumpkins,1.58
481,Thyme,3.92
481,Mangoes,1.32
481,Mint,4.12
482,Fennel,1.7
482,Cantaloupes,1.38
482,Pomelo,4.79
482,Grapefruits,4.65
482,Guavas,1.4
483,Bananas,2.31
483,Lychee,5.26
483,Hot peppers,3.48
483,Okra,3.96
483,Apricots,3.13
483,Clementines,1.16
483,Mangoes,4.9
483,Pecans,3.78
483,Kumquats,4.44
484,Raspberries,4.89
484,Blueberries,4.26
484,Kale,2.26
484,Peas,3.02
484,Rambutan,3.11
484,Papayas,4.15
484,Limes,4.31
485,Cumin,4.35
485,Boysenberries,1.69
485,Beets,2.62
486,Peanuts,1.96
486,Cherimoya,3.98
486,Okra,2.31
486,Cauliflower,4.87
486,Passionfruit,3.09
486,Apricots,1.99
486,Watermelons,4.98
486,Parsley,3.45
487,Clementines,4.84
487,Pumpkins,3.61
487,Hazelnuts,3.38
488,Tangerines,1.12
488,Spinach,5.0
488,Kiwifruit,2.32
488,Marionberries,4.26
488,Radicchio,2.26
488,Lychee,3.26
489,Hot peppers,4.82
489,Kumquats,2.02
489,Chives,1.88
489,Cucumbers,4.29
489,Artichokes,2.45
489,Parsley,1.82
489,Apricots,5.48
489,Plums,1.6
490,Grapes,2.44
490,Watermelons,5.09
490,Sunflower seeds,2.54
490,Ugli fruit,2.07
490,Parsley,4.36
490,Corn,1.9
490,Mangoes,3.25
490,Tomatoes,5.36
490,Limes,2.89
491,Parsley,2.65
491,Collard greens,1.84
491,Mulberries,5.03
491,Oranges,1.45
491,Pomegranates,5.38
492,Garlic,4.48
492,Coffee beans,5.23
492,Thyme,4.33
492,Ugli fruit,2.15
492,Onions,5.34
492,Sunflower seeds,4.28
492,Clementines,4.2
493,Brussels sprouts,3.69
493,Radishes,1.13
493,Cashews,3.26
493,Honeydews,5.07
493,Pineberries,2.65
493,Hazelnuts,1.81
493,Cumin,1.41
493,Mint,5.24
494,Leeks,3.12
494,Boysenberries,3.85
494,Garlic,2.92
494,Thyme,3.09
494,Dill,4.7
494,Hazelnuts,4.41
494,Fennel,3.86
494,Watercress,3.87
494,Mustard greens,3.97
495,Grapes,4.6
495,Persimmons,1.28
495,Carrots,2.29
495,Peaches,1.46
495,Collard greens,3.87
495,Oranges,2.1
495,Rosemary,2.5
495,Blueberries,5.26
496,Limes,4.27
496,Rambutan,4.74
496,Carrots,1.44
496,Cherimoya,1.65
497,Avocados,3.51
497,Kiwi,1.38
497,Lemons,3.95
497,Peas,2.81
497,Pumpkins,5.39
497,Onions,5.04
497,Rosemary,4.08
498,Mangoes,5.37
498,Beets,3.27
498,Asparagus,4.22
498,Gooseberries,4.41
498,Peas,3.71
499,Dates,2.17
499,Mint,4.03
499,Cashews,4.12
500,Peas,2.66
500,Cherries,1.85
500,Marionberries,2.15
500,Rambutan,4.03
500,Zucchini,1.14
500,Cilantro,1.42
500,Lychee,1.19
500,Watercress,2.4
500,Grapes,3.35
500,Sweet potatoes,2.87
501,Bok choy,4.04
501,Guavas,1.97
501,Carrots,1.95
501,Cherimoya,4.06
501,Honeydews,2.3
501,Squash,4.54
501,Sweet potatoes,2.39
501,Almonds,4.88
501,Cashews,1.17
501,Basil,3.91
502,Blueberries,4.94
502,Pineapples,1.37
502,Clementines,4.07
502,Ugli fruit,4.99
502,Rosemary,2.3
502,Apricots,3.75
502,Nectarines,5.08
502,Honey,3.41
503,Cherimoya,3.98
503,Mangoes,3.14
503,Avocados,5.38
503,Parsnips,1.45
503,Ugli fruit,1.57
503,Asparagus,3.51
504,Bell peppers,3.88
504,Blueberries,4.67
504,Dill,4.92
504,Radicchio,1.56
504,Kale,3.82
504,Honeydews,5.0
504,Pineberries,1.1
504,Dragon fruit,5.28
504,Brussels sprouts,4.96
505,Spinach,4.24
505,Cabbage,4.88
505,Collard greens,5.12
505,Beans,4.96
505,Pomegranates,3.66
505,Peaches,4.76
505,Asparagus,1.76
505,Honeydews,1.53
505,Peas,4.78
506,Radicchio,4.13
506,Cherimoya,1.51
506,Artichokes,3.17
506,Plums,3.96
506,Radishes,3.33
506,Cumin,3.22
506,Eggplant,3.99
507,Kumquats,1.45
507,Artichokes,2.06
507,Corn,2.01
507,Bok choy,3.09
507,Lettuce,3.0
507,Bell peppers,2.23
507,Elderberries,1.2
507,Parsnips,4.1
508,Swiss chard,1.39
508,Sage,4.62
508,Spinach,1.52
508,Figs,3.96
509,Currants,2.14
509,Cranberries,4.14
509,Pomelo,2.92
509,Pistachios,4.5
510,Rambutan,4.16
510,Apricots,2.38
510,Figs,5.39
510,Watermelons,2.5
510,Pomelo,2.76
510,Fennel,4.38
510,Peas,3.26
510,Eggplant,4.28
511,Okra,4.5
511,Bell peppers,3.46
511,Beets,4.11
511,Thyme,3.9
511,Squash,4.81
511,Cilantro,3.7
511,Mulberries,4.74
512,Pineberries,1.83
512,Cumin,4.13
512,Brussels sprouts,3.72
512,Limes,3.35
512,Kiwi,3.27
513,Limes,4.07
513,Mint,3.63
513,Peanuts,4.1
513,Parsley,1.39
513,Cabbage,5.04
513,Okra,2.34
513,Pineapples,2.73
513,Lemons,2.21
513,Squash,5.21
514,Guavas,5.01
514,Pumpkins,2.15
514,Lettuce,1.31
515,Grapes,4.72
515,Carrots,3.77
515,Asparagus,5.1
515,Dill,3.94
516,Mulberries,4.07
516,Okra,3.67
516,Persimmons,1.24
517,Hot peppers,4.04
517,Celery,1.52
517,Nectarines,3.84
517,Potatoes,3.78
518,Currants,4.22
518,Ugli fruit,3.59
518,Nectarines,2.88
518,Bell peppers,1.22
518,Carrots,3.6
518,Pineberries,1.88
518,Garlic,1.68
518,Pomegranates,3.19
519,Leeks,1.49
519,Pomelo,5.17
519,Kiwi,3.52
519,Mangoes,5.43
519,Bok choy,2.99
519,Mint,1.23
519,Tomatoes,5.15
520,Lychee,4.84
520,Nectarines,1.71
520,Mint,4.15
520,Mustard greens,4.71
520,Guavas,1.23
520,Apricots,2.61
520,Blackcurrants,1.5
521,Mangoes,3.11
521,Mustard greens,5.21
521,Squash,1.64
521,Kiwi,3.59
521,Fennel,1.41
521,Basil,2.09
522,Walnuts,2.97
522,Pineberries,2.03
522,Okra,1.3
522,Coffee beans,3.61
522,Currants,1.64
522,Apples,2.33
523,Rosemary,2.07
523,Bell peppers,1.21
523,Watercress,4.83
523,Dragon fruit,1.98
523,Radicchio,2.01
523,Pecans,2.45
523,Guavas,3.69
523,Apricots,1.85
523,Eggplant,2.8
524,Garlic,2.22
524,Dragon fruit,5.5
524,Eggplant,5.0
524,Persimmons,2.98
525,Blackberries,1.15
525,Eggplant,4.27
525,Asparagus,3.4
525,Squash,1.53
525,Kale,3.69
525,Mulberries,5.43
525,Thyme,3.75
525,Bananas,5.1
525,Peaches,1.46
525,Chives,4.92
526,Persimmons,4.05
526,Nectarines,1.65
526,Coffee beans,2.22
526,Bok choy,2.73
526,Hazelnuts,1.59
526,Blueberries,5.29
527,Leeks,4.96
527,Corn,3.35
527,Pomegranates,2.35
527,Squash,2.1
527,Gooseberries,2.75
527,Mustard greens,3.82
527,Kumquats,4.55
528,Currants,4.33
528,Guavas,5.15
528,Asparagus,1.12
528,Mangoes,2.33
528,Fennel,2.28
528,Artichokes,5.14
528,Pomelo,4.69
528,Peanuts,2.31
528,Broccoli,2.74
529,Almonds,1.64
529,Rambutan,4.13
529,Guavas,3.42
529,Eggplant,1.94
529,Watermelons,3.49
529,Blackcurrants,3.59
529,Dates,4.39
529,Swiss chard,4.6
529,Onions,3.62
530,Almonds,3.34
530,Fennel,3.07
530,Lettuce,1.75
530,Brussels sprouts,1.84
530,Coffee beans,3.14
531,Grapes,4.92
531,Guavas,1.97
531,Kale,4.18
532,Coffee beans,4.35
532,Almonds,4.52
532,Pomelo,2.05
532,Sage,1.49
532,Limes,1.43
532,Leeks,4.17
532,Kale,3.37
533,Grapefruits,3.01
533,Brussels sprouts,2.44
533,Elderberries,5.3
534,Marionberries,2.69
534,Zucchini,4.63
534,Asparagus,1.16
534,Cilantro,4.9
534,Pomegranates,1.93
535,Bok choy,1.63
535,Kale,4.54
535,Avocados,3.96
535,Kiwi,4.77
535,Leeks,2.44
536,Mangoes,1.5
536,Limes,4.64
536,Dill,4.63
536,Kale,5.15
537,Passionfruit,2.48
537,Sweet potatoes,4.12
537,Walnuts,4.73
537,Zucchini,4.51
537,Peaches,3.38
537,Watercress,3.78
538,Raspberries,1.3
538,Blackcurrants,1.67
538,Tangerines,1.32
538,Cinnamon,5.37
538,Elderberries,1.2
538,Hot peppers,4.47
538,Tomatoes,3.97
538,Okra,5.17
538,Cantaloupes,4.14
539,Cranberries,3.48
539,Bok choy,1.51
539,Cinnamon,2.77
539,Dragon fruit,4.64
539,Lettuce,5.46
539,Pistachios,2.58
539,Beans,4.6
540,Honey,2.05
540,Lychee,2.51
540,Lettuce,4.41
540,Cashews,2.77
540,Raspberries,3.6
541,Sweet potatoes,4.05
541,Grapes,5.21
541,Parsley,1.92
541,Pomelo,1.35
541,Honey,3.49
541,Pumpkins,5.36
542,Peaches,3.25
542,Bok choy,3.22
542,Cherimoya,2.96
542,Broccoli,4.8
542,Mint,3.52
543,Dill,1.82
543,Cherimoya,5.47
543,Figs,1.55
543,Sage,4.75
543,Pumpkins,5.29
543,Parsnips,5.46
543,Clementines,3.48
543,Passionfruit,3.28
544,Broccoli,2.64
544,Sunflower seeds,3.04
544,Guavas,3.86
544,Swiss chard,3.57
544,Okra,2.15
544,Asparagus,4.29
544,Potatoes,1.99
544,Persimmons,2.14
544,Beans,3.93
545,Apricots,3.89
545,Oranges,4.09
545,Cranberries,1.83
545,Parsnips,1.56
546,Corn,1.39
546,Apricots,5.09
546,Thyme,5.13
546,Elderberries,2.49
546,Cilantro,4.13
547,Lettuce,1.81
547,Grapefruits,3.34
547,Celery,4.4
547,Pomelo,3.78
547,Swiss chard,3.37
547,Beans,1.85
547,Rambutan,5.1
547,Persimmons,2.15
547,Apricots,2.33
548,Basil,2.48
548,Radicchio,4.53
548,Apricots,4.46
548,Onions,1.45
548,Persimmons,1.7
548,Rosemary,3.01
548,Eggplant,1.67
548,Mulberries,4.73
548,Dragon fruit,5.32
549,Basil,4.99
549,Strawberries,5.3
549,Grapes,3.18
549,Pomelo,4.57
549,Cashews,1.84
549,Radicchio,2.77
549,Mangoes,2.6
549,Zucchini,3.31
549,Limes,3.6
550,Celery,1.86
550,Collard greens,3.8
550,Rambutan,1.28
550,Onions,2.8
550,Persimmons,2.93
550,Cucumbers,4.78
550,Oranges,1.48
550,Artichokes,1.7
551,Zucchini,4.46
551,Corn,1.75
551,Blueberries,4.87
551,Collard greens,1.58
551,Peas,4.16
551,Carrots,3.2
551,Persimmons,1.93
552,Carrots,4.62
552,Passionfruit,2.64
552,Watermelons,1.51
552,Pistachios,5.24
552,Lychee,1.17
552,Mangoes,3.73
552,Beets,2.82
552,Walnuts,4.78
552,Peanuts,4.04
552,Asparagus,3.71
553,Pomegranates,4.73
553,Garlic,1.72
553,Cherries,1.47
554,Grapefruits,5.05
554,Apples,3.55
554,Cashews,1.37
554,Pomegranates,5.45
554,Sunflower seeds,5.07
554,Persimmons,4.13
555,Avocados,3.75
555,Kiwifruit,2.17
555,Hazelnuts,5.2
555,Gooseberries,4.86
555,Blackcurrants,5.3
555,Corn,2.48
555,Okra,4.64
555,Eggplant,3.08
556,Sage,1.18
556,Kiwi,3.43
556,Basil,1.22
556,Figs,1.18
556,Spinach,1.51
556,Fennel,4.59
556,Pomegranates,1.2
556,Watercress,4.8
557,Sweet potatoes,2.52
557,Lettuce,4.96
557,Sunflower seeds,4.04
557,Parsley,4.63
557,Squash,5.36
557,Chives,2.52
557,Clementines,1.75
558,Gooseberries,4.88
558,Dill,5.29
558,Basil,1.62
559,Dragon fruit,3.76
559,Lettuce,4.36
559,Ugli fruit,4.22
559,Lychee,3.12
559,Bananas,3.88
560,Almonds,1.27
560,Fennel,4.1
560,Cherries,2.37
561,Kale,3.45
561,Hot peppers,4.85
561,Dill,2.04
561,Mustard greens,4.31
561,Boysenberries,4.42
561,Avocados,1.36
562,Beets,4.19
562,Pistachios,2.96
562,Honey,2.13
563,Jackfruit,3.59
563,Cantaloupes,4.61
563,Pumpkins,1.97
563,Bananas,4.97
563,Eggplant,4.03
564,Sweet potatoes,2.44
564,Pineberries,2.44
564,Sunflower seeds,4.09
564,Jackfruit,5.13
565,Collard greens,3.87
565,Walnuts,4.64
565,Okra,5.1
565,Chives,3.05
565,Avocados,3.1
566,Currants,1.86
566,Papayas,2.99
566,Figs,3.88
566,Limes,3.11
566,Turnips,2.79
566,Pecans,4.0
566,Zucchini,2.25
566,Almonds,4.31
566,Cashews,5.49
566,Okra,3.12
567,Kumquats,3.31
567,Jackfruit,3.18
567,Squash,2.71
567,Beans,3.38
567,Bok choy,5.12
567,Beets,3.54
567,Parsnips,5.48
567,Cashews,2.43
568,Kale,2.49
568,Radishes,3.26
568,Artichokes,4.53
568,Jackfruit,4.33
568,Almonds,3.06
568,Cinnamon,1.96
568,Dragon fruit,4.02
568,Cashews,3.84
568,Gooseberries,1.29
568,Honeydews,2.6
569,Fennel,2.84
569,Hot peppers,2.65
569,Jackfruit,3.58
570,Plums,3.38
570,Bananas,3.37
570,Jackfruit,3.57
570,Beets,4.31
570,Sweet potatoes,1.79
571,Figs,3.69
571,Rosemary,4.57
571,Lemons,4.77
572,Avocados,1.91
572,Kiwifruit,3.15
572,Rambutan,5.1
573,Grapefruits,4.46
573,Potatoes,2.14
573,Radicchio,1.84
573,Pineapples,3.82
573,Dates,1.75
573,Walnuts,5.5
573,Apples,5.08
573,Hazelnuts,2.19
573,Dragon fruit,2.07
574,Bok choy,4.03
574,Currants,4.42
574,Walnuts,3.11
574,Elderberries,1.45
574,Cashews,2.33
574,Lemons,5.2
575,Chives,5.14
575,Brussels sprouts,1.71
575,Elderberries,2.66
575,Pomegranates,2.81
575,Eggplant,4.18
575,Celery,2.92
575,Kumquats,4.99
575,Honeydews,1.41
576,Tomatoes,3.98
576,Jackfruit,1.32
576,Grapes,1.29
576,Sunflower seeds,4.75
576,Rambutan,4.53
577,Cherimoya,1.4
577,Lettuce,3.51
577,Eggplant,1.55
577,Lychee,2.31
577,Cucumbers,5.37
578,Broccoli,3.9
578,Honey,4.07
578,Watercress,4.31
578,Rambutan,1.57
578,Tangerines,4.36
578,Pecans,2.44
578,Sunflower seeds,5.49
578,Ugli fruit,2.68
579,Bok choy,2.75
579,Cinnamon,1.81
579,Cranberries,2.97
579,Parsnips,3.46
579,Kale,1.19
579,Zucchini,4.61
579,Tangerines,4.62
580,Rosemary,2.64
580,Artichokes,4.47
580,Ugli fruit,3.73
580,Mulberries,2.55
580,Blackberries,3.79
580,Blueberries,2.16
580,Figs,1.57
580,Collard greens,4.99
580,Okra,3.71
580,Celery,3.16
581,Swiss chard,3.53
581,Cherimoya,4.05
581,Beans,4.53
582,Elderberries,4.72
582,Parsnips,3.89
582,Peas,2.96
582,Apricots,4.23
582,Cumin,5.41
582,Sage,4.33
582,Cantaloupes,2.34
582,Fennel,3.27
583,Papayas,4.65
583,Asparagus,5.29
583,Collard greens,1.37
584,Oranges,1.4
584,Squash,5.14
584,Blackcurrants,3.23
584,Grapes,2.67
584,Hazelnuts,5.47
584,Papayas,2.36
585,Nectarines,2.05
585,Pineberries,2.34
585,Swiss chard,3.2
585,Beets,1.81
585,Papayas,1.91
585,Blackcurrants,2.31
585,Parsley,4.4
585,Mint,2.75
585,Blackberries,4.22
586,Guavas,3.98
586,Hazelnuts,3.74
586,Strawberries,2.33
586,Artichokes,3.46
587,Pistachios,3.33
587,Okra,5.08
587,Chives,4.84
587,Apricots,2.43
587,Basil,2.66
587,Pecans,4.11
588,Peaches,2.76
588,Lychee,1.57
588,Parsnips,1.79
588,Lemons,3.63
588,Sweet potatoes,2.83
589,Bok choy,3.23
589,Squash,4.06
589,Peaches,4.71
589,Bell peppers,5.47
589,Lychee,5.31
589,Strawberries,3.66
589,Swiss chard,3.01
589,Eggplant,3.26
589,Dates,5.0
590,Nectarines,3.13
590,Corn,2.07
590,Mint,4.35
590,Almonds,5.47
590,Elderberries,1.5
591,Sunflower seeds,1.43
591,Mustard greens,4.9
591,Blueberries,2.19
591,Pomegranates,1.98
591,Lychee,2.65
591,Honeydews,1.11
591,Tomatoes,2.1
592,Gooseberries,1.69
592,Pineapples,2.87
592,Cabbage,3.48
592,Mulberries,4.08
592,Bananas,4.19
592,Peas,2.7
592,Spinach,5.02
592,Eggplant,2.92
593,Oranges,3.56
593,Kiwi,4.02
593,Lemons,2.53
593,Asparagus,3.85
593,Squash,4.3
593,Cauliflower,5.29
593,Cranberries,4.61
593,Celery,4.64
593,Nectarines,1.39
593,Lychee,2.25
594,Raspberries,1.68
594,Peanuts,5.14
594,Carrots,2.03
594,Cherries,4.13
595,Cherimoya,2.46
595,Gooseberries,1.16
595,Radishes,4.3
595,Beans,1.28
595,Carrots,3.4
595,Elderberries,4.67
595,Parsley,3.07
596,Boysenberries,3.66
596,Cashews,2.48
596,Peanuts,1.1
596,Artichokes,5.42
597,Jackfruit,4.2
597,Rosemary,2.25
597,Kumquats,4.24
597,Raspberries,4.65
597,Dragon fruit,2.16
598,Lemons,2.25
598,Apricots,3.85
598,Elderberries,1.14
598,Tomatoes,3.27
598,Blackberries,4.33
598,Blueberries,3.33
598,Lettuce,1.72
598,Gooseberries,1.79
598,Cucumbers,4.77
599,Cherries,1.13
599,Figs,3.46
599,Grapefruits,3.75
599,Ugli fruit,3.99
599,Brussels sprouts,2.92
599,Cantaloupes,5.09
599,Sage,1.18
599,Swiss chard,4.98
599,Papayas,3.03
599,Rosemary,2.33
600,Beans,5.08
600,Peanuts,4.02
600,Grapes,1.23
600,Pineapples,5.12
600,Corn,1.61
600,Grapefruits,2.8
600,Tomatoes,3.62
600,Swiss chard,1.18
600,Plums,4.52
601,Cucumbers,1.62
601,Plums,1.31
601,Pineberries,5.22
601,Broccoli,2.38
601,Oranges,5.35
601,Figs,5.09
602,Cherimoya,2.83
602,Pomelo,2.76
602,Cranberries,2.82
602,Rosemary,2.3
602,Cabbage,2.68
602,Blueberries,3.01
602,Walnuts,4.1
602,Pistachios,2.83
602,Apricots,1.64
603,Pineapples,1.36
603,Currants,2.4
603,Okra,1.2
603,Honey,5.01
603,Garlic,4.91
603,Ugli fruit,1.43
604,Rosemary,4.7
604,Cinnamon,5.48
604,Cilantro,4.41
604,Bok choy,5.2
604,Cantaloupes,5.32
604,Spinach,3.49
605,Kale,5.01
605,Okra,2.72
605,Pomelo,4.98
605,Cranberries,1.81
605,Celery,1.49
605,Kumquats,1.21
606,Papayas,3.04
606,Beans,4.44
606,Bananas,4.57
606,Cranberries,4.54
606,Kiwi,5.4
606,Corn,3.01
607,Zucchini,2.32
607,Mint,4.7
607,Lemons,1.85
607,Kiwi,3.33
607,Mulberries,3.28
607,Kale,4.32
607,Hazelnuts,2.89
607,Coffee beans,4.9
608,Cinnamon,2.77
608,Potatoes,3.49
608,Blueberries,4.04
608,Cantaloupes,1.25
609,Fennel,2.39
609,Limes,2.2
609,Collard greens,4.97
609,Turnips,1.28
609,Strawberries,2.06
609,Parsley,3.15
609,Grapes,4.98
609,Celery,2.35
609,Rosemary,1.98
610,Pomelo,3.42
610,Bell peppers,5.28
610,Kiwi,4.14
611,Papayas,1.29
611,Plums,4.71
611,Beets,1.89
612,Pecans,3.25
612,Rosemary,1.28
612,Eggplant,4.65
612,Blackberries,3.58
612,Cilantro,3.19
612,Nectarines,2.84
612,Lemons,2.74
612,Sage,1.51
613,Pineberries,3.83
613,Carrots,3.85
613,Radishes,3.6
613,Walnuts,3.2
613,Pomegranates,1.91
613,Pineapples,4.44
613,Avocados,3.17
613,Mangoes,4.84
613,Cashews,4.36
614,Basil,1.18
614,Mangoes,1.55
614,Zucchini,1.79
614,Blackberries,1.47
614,Cinnamon,3.58
614,Jackfruit,3.02
614,Honey,1.94
614,Elderberries,1.58
615,Hot peppers,1.42
615,Squash,4.61
615,Cauliflower,2.1
615,Avocados,5.27
615,Watermelons,3.08
615,Coffee beans,1.73
616,Figs,4.18
616,Cauliflower,1.44
616,Bananas,1.39
616,Carrots,2.11
616,Cherries,4.93
616,Asparagus,1.5
616,Cabbage,4.15
617,Broccoli,3.74
617,Potatoes,2.97
617,Mint,1.8
617,Pineapples,3.36
617,Corn,3.4
617,Kale,2.37
617,Celery,3.99
617,Blackcurrants,1.73
617,Thyme,3.17
617,Tomatoes,4.71
618,Fennel,4.63
618,Kale,4.45
618,Mint,1.82
618,Peas,4.91
618,Strawberries,2.63
618,Lychee,5.04
618,Oranges,1.22
618,Brussels sprouts,4.05
618,Kumquats,4.4
619,Oranges,2.55
619,Blackberries,2.81
619,Pineberries,3.65
619,Cashews,4.27
619,Papayas,5.22
620,Blueberries,3.74
620,Cantaloupes,1.35
620,Tangerines,4.74
620,Sunflower seeds,2.67
620,Squash,3.39
620,Kale,4.33
620,Pomelo,4.92
621,Artichokes,1.58
621,Grapefruits,3.57
621,Cilantro,2.72
621,Apples,3.34
621,Cherries,2.85
622,Pineapples,4.79
622,Eggplant,1.65
622,Potatoes,5.36
622,Jackfruit,1.98
622,Grapefruits,5.41
622,Hot peppers,1.61
622,Pomelo,2.16
622,Lychee,1.29
622,Guavas,1.8
623,Kale,1.74
623,Pistachios,5.11
623,Boysenberries,4.1
624,Dates,2.6
624,Swiss chard,3.71
624,Cinnamon,4.99
624,Squash,1.84
624,Bok choy,3.4
624,Carrots,3.47
624,Beans,3.49
624,Corn,1.85
625,Mint,4.58
625,Boysenberries,4.07
625,Sage,2.1
625,Peas,3.19
625,Parsley,2.37
625,Watermelons,5.32
625,Carrots,1.26
625,Spinach,1.94
625,Watercress,1.51
626,Okra,2.73
626,Oranges,3.41
626,Dragon fruit,3.55
627,Strawberries,1.77
627,Limes,2.76
627,Onions,2.58
627,Currants,3.68
627,Honey,2.88
627,Rosemary,2.27
627,Mangoes,4.52
627,Chives,5.48
628,Pineberries,3.46
628,Cauliflower,2.52
628,Walnuts,2.16
628,Honeydews,4.29
628,Boysenberries,5.06
628,Cumin,1.42
628,Coffee beans,3.64
628,Beans,4.68
628,Bell peppers,1.88
629,Ugli fruit,4.89
629,Sage,3.84
629,Grapes,2.93
629,Grapefruits,1.19
630,Mustard greens,1.96
630,Walnuts,4.81
630,Ugli fruit,2.54
631,Walnuts,3.85
631,Cherimoya,5.21
631,Pomelo,4.78
631,Pecans,3.64
631,Kale,1.13
631,Hot peppers,1.51
631,Limes,4.41
631,Pomegranates,5.13
631,Spinach,3.23
632,Pomelo,5.09
632,Fennel,4.82
632,Pineapples,1.13
632,Hot peppers,2.88
632,Coffee beans,5.02
632,Zucchini,1.23
632,Sweet potatoes,1.91
632,Walnuts,4.94
633,Kiwi,2.03
633,Pineberries,3.79
633,Cranberries,4.11
633,Jackfruit,5.25
633,Passionfruit,1.98
633,Broccoli,4.66
633,Cauliflower,3.52
633,Watermelons,3.06
634,Pumpkins,3.91
634,Cauliflower,1.18
634,Cashews,1.32
634,Persimmons,1.75
634,Bok choy,4.32
634,Parsnips,4.82
635,Radishes,2.27
635,Currants,4.46
635,Passionfruit,4.59
636,Almonds,5.34
636,Hazelnuts,3.96
636,Broccoli,4.35
636,Kumquats,4.04
636,Rambutan,2.87
636,Artichokes,4.27
636,Honeydews,1.6
636,Spinach,2.2
637,Kiwi,3.59
637,Cilantro,5.47
637,Boysenberries,4.55
637,Beets,4.72
637,Parsnips,2.27
637,Dill,4.3
637,Strawberries,1.75
637,Grapes,1.92
638,Honeydews,2.58
638,Pistachios,4.71
638,Dragon fruit,1.62
638,Onions,2.05
638,Squash,4.3
638,Kale,3.7
638,Limes,2.47
638,Parsley,4.51
639,Basil,1.56
639,Apples,1.5
639,Mulberries,3.05
639,Peanuts,4.47
639,Cilantro,1.43
639,Pistachios,1.55
639,Leeks,5.14
639,Cantaloupes,5.04
640,Artichokes,1.33
640,Lemons,1.33
640,Pineapples,3.82
640,Jackfruit,4.31
640,Watercress,1.93
640,Mint,2.19
640,Beets,2.07
640,Corn,2.89
640,Broccoli,1.41
640,Raspberries,5.03
641,Sweet potatoes,1.47
641,Apples,3.15
641,Sunflower seeds,5.08
641,Blueberries,1.85
641,Turnips,4.7
641,Radishes,2.35
641,Lemons,3.37
641,Thyme,3.95
641,Celery,4.15
642,Strawberries,2.46
642,Carrots,2.14
642,Squash,1.67
642,Hazelnuts,1.75
642,Almonds,3.45
642,Lemons,4.98
643,Cantaloupes,2.52
643,Clementines,1.26
643,Kiwi,3.07
643,Peaches,4.82
644,Turnips,1.4
644,Marionberries,1.11
644,Tangerines,2.51
644,Mulberries,4.83
644,Honeydews,2.27
644,Celery,2.96
644,Dates,2.37
645,Peas,4.13
645,Limes,2.42
645,Zucchini,3.77
646,Artichokes,4.66
646,Apples,5.08
646,Swiss chard,1.46
647,Figs,4.98
647,Potatoes,1.84
647,Onions,1.78
647,Mulberries,1.22
647,Watercress,3.43
647,Apples,4.5
647,Watermelons,2.76
648,Oranges,3.7
648,Kiwi,1.21
648,Chives,4.93
648,Kale,4.3
648,Guavas,5.05
648,Raspberries,3.63
648,Pistachios,1.53
649,Peanuts,1.55
649,Kiwi,1.81
649,Fennel,5.31
649,Grapefruits,2.36
650,Pomegranates,4.85
650,Sage,2.1
650,Pineberries,5.12
651,Currants,2.75
651,Dragon fruit,2.61
651,Grapefruits,1.23
651,Plums,3.42
652,Grapefruits,5.12
652,Plums,1.29
652,Ugli fruit,1.96
653,Cabbage,1.16
653,Grapes,4.81
653,Almonds,2.46
654,Ugli fruit,4.37
654,Watercress,3.82
654,Garlic,2.77
654,Kale,2.05
655,Kiwi,3.34
655,Grapes,1.18
655,Mangoes,2.05
655,Cauliflower,1.51
655,Walnuts,2.17
655,Blackberries,2.39
656,Honeydews,1.54
656,Pecans,5.15
656,Limes,1.64
656,Strawberries,2.34
656,Tangerines,2.39
656,Cilantro,2.48
656,Dill,4.97
656,Cucumbers,4.64
656,Peas,3.57
657,Elderberries,1.74
657,Clementines,5.15
657,Beans,2.29
657,Persimmons,2.91
657,Cilantro,3.0
657,Avocados,5.34
657,Blackberries,3.99
657,Swiss chard,2.29
657,Lettuce,4.96
658,Bananas,3.2
658,Radicchio,1.43
658,Clementines,2.19
658,Swiss chard,4.14
658,Fennel,1.23
658,Eggplant,3.22
658,Blueberries,1.14
659,Coffee beans,2.55
659,Persimmons,3.97
659,Pumpkins,2.55
659,Blackcurrants,1.17
660,Cherries,3.6
660,Parsley,3.18
660,Radicchio,2.23
660,Clementines,5.45
660,Rambutan,1.66
660,Papayas,4.6
660,Guavas,1.19
661,Pomelo,3.69
661,Blueberries,5.39
661,Lettuce,4.99
662,Apples,2.38
662,Rosemary,3.98
662,Collard greens,4.33
662,Bell peppers,2.82
662,Dragon fruit,4.95
662,Papayas,2.37
662,Swiss chard,1.28
663,Tomatoes,3.53
663,Blackberries,1.15
663,Watermelons,3.76
663,Asparagus,2.21
663,Strawberries,2.14
663,Cantaloupes,1.33
664,Avocados,1.65
664,Mint,5.43
664,Cauliflower,5.33
664,Limes,5.34
664,Mustard greens,4.94
664,Guavas,5.3
664,Honeydews,2.14
664,Dill,3.29
664,Lettuce,4.71
664,Honey,4.49
665,Elderberries,1.61
665,Honey,3.36
665,Pecans,1.19
665,Cantaloupes,5.32
665,Grapes,4.95
665,Hazelnuts,4.17
666,Squash,4.48
666,Thyme,2.85
666,Garlic,2.52
666,Boysenberries,3.63
666,Peaches,1.73
667,Chives,5.03
667,Dill,5.43
667,Pomegranates,2.56
667,Sage,4.76
667,Sweet potatoes,5.06
667,Grapefruits,3.52
667,Potatoes,5.39
667,Coffee beans,2.48
668,Cherimoya,1.53
668,Cucumbers,2.54
668,Pecans,3.07
668,Avocados,1.91
668,Mangoes,4.24
668,Watercress,5.17
668,Hazelnuts,4.38
668,Parsnips,1.79
668,Kumquats,1.81
669,Onions,1.63
669,Peaches,2.11
669,Dragon fruit,1.53
669,Collard greens,1.73
670,Artichokes,1.42
670,Dill,5.27
670,Cranberries,1.11
670,Brussels sprouts,4.35
670,Chives,4.22
671,Figs,4.59
671,Cranberries,5.22
671,Chives,4.95
671,Blueberries,3.33
671,Carrots,2.38
671,Watermelons,3.06
671,Bananas,2.21
671,Peanuts,2.78
672,Corn,5.07
672,Collard greens,2.33
672,Hot peppers,5.19
672,Mangoes,3.56
672,Cabbage,5.47
672,Dragon fruit,2.09
672,Cilantro,4.39
673,Collard greens,1.74
673,Chives,5.47
673,Cabbage,2.58
673,Garlic,3.99
673,Pineberries,3.6
673,Cherimoya,3.26
674,Carrots,2.59
674,Bok choy,1.81
674,Passionfruit,2.99
674,Grapefruits,1.57
674,Thyme,5.03
674,Hot peppers,2.16
674,Pumpkins,3.08
674,Cranberries,3.6
674,Mulberries,3.75
675,Lychee,1.57
675,Walnuts,3.62
675,Brussels sprouts,4.09
675,Pineapples,1.47
675,Dates,5.34
675,Dill,3.53
675,Broccoli,1.63
675,Peaches,4.43
676,Kiwi,5.39
676,Pineapples,3.65
676,Watermelons,2.53
676,Almonds,2.95
676,Artichokes,3.38
676,Peaches,4.12
676,Radicchio,1.63
677,Hot peppers,1.31
677,Kiwifruit,1.94
677,Avocados,3.49
677,Bananas,3.47
677,Apricots,4.95
677,Cashews,3.5
677,Basil,5.3
677,Carrots,4.84
678,Tangerines,4.48
678,Pumpkins,2.44
678,Zucchini,3.55
678,Jackfruit,4.82
678,Celery,5.48
678,Bell peppers,4.07
678,Squash,4.76
679,Zucchini,2.82
679,Sweet potatoes,2.09
679,Raspberries,5.12
680,Rosemary,4.26
680,Pistachios,3.91
680,Lychee,5.37
680,Bok choy,2.99
680,Hot peppers,4.11
680,Radicchio,2.42
681,Peas,2.74
681,Radicchio,4.13
681,Limes,3.15
681,Tangerines,3.86
681,Honey,3.4
681,Mulberries,5.31
682,Grapes,5.44
682,Lemons,2.27
682,Peas,2.49
682,Almonds,4.75
682,Honey,5.31
682,Ugli fruit,4.53
682,Cherimoya,4.56
683,Avocados,5.32
683,Dragon fruit,1.69
683,Raspberries,3.72
683,Cashews,2.91
683,Pineapples,3.59
683,Pomelo,3.1
683,Lemons,4.7
683,Lettuce,5.45
683,Carrots,2.15
683,Cherimoya,1.74
684,Bok choy,1.4
684,Blackberries,2.53
684,Cashews,3.01
684,Honeydews,3.63
684,Pecans,2.75
684,Papayas,2.58
684,Lemons,2.15
685,Mangoes,2.06
685,Pomelo,2.54
685,Bananas,4.84
685,Spinach,1.49
685,Onions,5.35
685,Pumpkins,4.26
685,Corn,3.2
685,Garlic,3.91
685,Leeks,1.73
685,Lettuce,3.23
686,Rambutan,3.1
686,Parsnips,2.66
686,Honey,3.96
686,Blackcurrants,2.55
686,Peas,5.34
687,Raspberries,4.32
687,Pistachios,4.23
687,Thyme,3.95
688,Corn,1.61
688,Pumpkins,2.13
688,Pineberries,2.24
688,Tangerines,3.45
688,Rambutan,1.47
689,Lettuce,5.41
689,Grapes,1.78
689,Apricots,4.41
689,Cherimoya,4.41
689,Dragon fruit,4.04
689,Peaches,3.14
689,Cranberries,3.34
689,Swiss chard,4.77
689,Currants,4.74
689,Chives,1.18
690,Parsnips,3.56
690,Persimmons,4.17
690,Guavas,5.43
690,Pineberries,3.9
690,Mustard greens,3.43
690,Sweet potatoes,4.8
690,Potatoes,2.71
690,Squash,2.29
691,Squash,4.12
691,Broccoli,4.11
691,Pomelo,4.47
691,Potatoes,2.88
691,Dill,3.61
691,Bok choy,2.84
691,Cashews,3.27
691,Papayas,5.06
692,Mint,2.35
692,Peaches,2.39
692,Beans,3.57
693,Cherries,4.01
693,Pomegranates,4.91
693,Carrots,3.55
693,Blackberries,1.33
694,Mangoes,5.42
694,Brussels sprouts,5.42
694,Leeks,3.46
695,Watermelons,1.15
695,Cantaloupes,1.26
695,Elderberries,5.36
695,Turnips,1.28
695,Parsley,4.01
695,Pomegranates,3.74
696,Mustard greens,4.46
696,Apples,5.24
696,Avocados,2.01
696,Clementines,4.37
696,Potatoes,5.13
696,Honeydews,4.41
696,Marionberries,3.13
697,Clementines,3.71
697,Parsley,4.44
697,Cucumbers,1.57
697,Pecans,1.5
697,Peaches,4.99
697,Tangerines,3.31
697,Cherimoya,5.34
697,Nectarines,3.55
697,Cabbage,2.88
697,Coffee beans,3.32
698,Thyme,4.98
698,Pecans,2.42
698,Watercress,2.58
698,Hot peppers,4.2
698,Onions,5.34
698,Raspberries,4.69
699,Raspberries,3.15
699,Jackfruit,4.13
699,Dill,4.03
699,Radishes,3.45
699,Pineberries,3.74
699,Ugli fruit,2.24
699,Zucchini,4.73
699,Cinnamon,3.99
699,Lemons,4.2
700,Swiss chard,2.07
700,Marionberries,5.37
700,Sweet potatoes,4.79
700,Apples,4.52
700,Hot peppers,1.45
700,Almonds,2.3
700,Gooseberries,1.27
701,Fennel,1.17
701,Blackcurrants,5.02
701,Eggplant,3.92
701,Basil,5.36
701,Pecans,4.57
702,Fennel,5.29
702,Grapes,3.54
702,Pineberries,4.57
702,Onions,1.71
702,Kiwifruit,5.12
702,Pumpkins,1.99
702,Oranges,5.34
702,Bok choy,3.77
703,Bell peppers,1.52
703,Lychee,4.67
703,Hot peppers,2.25
703,Cantaloupes,4.22
703,Lemons,3.65
703,Tangerines,2.41
703,Pineapples,2.25
703,Peaches,2.02
704,Kale,3.71
704,Blackberries,3.84
704,Strawberries,1.84
704,Grapefruits,3.95
704,Dill,2.26
704,Cilantro,2.63
704,Figs,3.86
704,Cherimoya,2.23
704,Honeydews,1.26
704,Coffee beans,4.46
705,Cashews,1.42
705,Blueberries,2.35
705,Cabbage,4.05
705,Zucchini,1.84
705,Onions,3.86
705,Potatoes,3.34
705,Bok choy,2.39
705,Fennel,3.56
705,Guavas,3.42
706,Hot peppers,4.54
706,Grapefruits,1.51
706,Blackberries,3.99
706,Lemons,5.4
706,Cauliflower,3.48
707,Sweet potatoes,1.6
707,Blackcurrants,5.01
707,Cantaloupes,4.19
707,Pomegranates,4.62
707,Pecans,1.74
707,Papayas,3.59
707,Watercress,4.55
707,Thyme,1.91
707,Okra,4.51
708,Gooseberries,4.45
708,Hazelnuts,2.77
708,Apricots,2.2
709,Bok choy,3.77
709,Swiss chard,1.35
709,Beans,5.19
709,Pumpkins,5.33
709,Blueberries,5.29
709,Thyme,5.1
709,Jackfruit,2.64
709,Peanuts,3.28
710,Clementines,2.67
710,Limes,2.81
710,Peas,4.53
710,Cabbage,2.22
710,Dill,2.33
710,Mint,1.94
710,Asparagus,2.0
710,Pumpkins,2.2
710,Parsnips,3.8
711,Oranges,3.04
711,Carrots,3.84
711,Blackcurrants,1.3
711,Watermelons,2.65
711,Nectarines,2.82
711,Elderberries,1.88
711,Kumquats,3.51
712,Corn,5.0
712,Pomegranates,5.19
712,Nectarines,4.28
712,Hot peppers,2.79
712,Lychee,3.61
713,Cranberries,1.9
713,Broccoli,2.3
713,Bok choy,4.7
713,Hot peppers,4.92
713,Zucchini,5.22
713,Lettuce,4.92
714,Pomegranates,1.19
714,Pumpkins,3.94
714,Kumquats,1.94
714,Guavas,1.35
714,Plums,2.73
715,Strawberries,3.02
715,Potatoes,3.89
715,Plums,1.79
716,Walnuts,3.07
716,Cinnamon,3.07
716,Raspberries,4.39
716,Leeks,4.24
716,Kale,4.31
716,Watercress,3.83
716,Mangoes,2.31
716,Peanuts,3.02
716,Cherimoya,2.77
717,Dragon fruit,2.36
717,Sweet potatoes,2.44
717,Passionfruit,2.95
718,Carrots,2.57
718,Persimmons,2.06
718,Cucumbers,4.71
718,Sage,1.72
718,Papayas,4.8
718,Brussels sprouts,2.8
718,Ugli fruit,1.34
719,Cantaloupes,4.52
719,Hazelnuts,4.96
719,Thyme,2.85
719,Parsnips,4.77
719,Cabbage,3.88
719,Corn,4.16
720,Bell peppers,2.79
720,Collard greens,1.75
720,Ugli fruit,5.13
721,Currants,4.34
721,Clementines,3.19
721,Persimmons,1.48
721,Watercress,1.86
722,Collard greens,2.15
722,Bok choy,3.96
722,Artichokes,1.38
722,Cherries,2.67
722,Oranges,5.06
722,Currants,3.14
722,Blueberries,4.24
722,Peas,2.81
723,Grapefruits,5.37
723,Dates,4.3
723,Garlic,2.47
723,Walnuts,3.57
724,Currants,5.49
724,Sunflower seeds,1.41
724,Kumquats,1.78
724,Basil,1.36
725,Cashews,2.34
725,Eggplant,1.18
725,Blueberries,2.06
725,Potatoes,2.11
725,Gooseberries,5.46
726,Beets,4.95
726,Pomegranates,5.28
726,Cranberries,3.07
726,Hazelnuts,4.07
726,Dragon fruit,5.12
726,Parsley,5.16
726,Peas,4.38
726,Cauliflower,5.27
726,Asparagus,4.32
727,Hazelnuts,1.33
727,Sweet potatoes,3.69
727,Blueberries,3.81
727,Cashews,3.0
727,Leeks,2.42
727,Cherries,3.03
727,Beans,1.4
728,Pineberries,1.44
728,Passionfruit,2.13
728,Figs,2.02
728,Potatoes,4.58
728,Mustard greens,5.04
729,Mint,1.66
729,Papayas,3.28
729,Beans,1.96
729,Grapes,5.44
729,Peanuts,5.1
729,Kiwifruit,3.48
729,Nectarines,1.81
729,Pineapples,1.81
730,Parsley,1.86
730,Apples,1.73
730,Blackberries,3.92
730,Peaches,1.97
730,Dragon fruit,2.96
730,Bananas,1.68
730,Honey,2.15
731,Apples,4.49
731,Mulberries,3.4
731,Passionfruit,3.56
731,Kale,2.07
731,Pecans,1.41
731,Avocados,5.11
732,Cauliflower,2.12
732,Sage,2.53
732,Chives,1.54
732,Persimmons,3.36
732,Spinach,1.19
732,Artichokes,2.3
732,Bok choy,4.2
732,Raspberries,2.08
732,Blackberries,1.83
733,Sage,4.89
733,Collard greens,2.68
733,Blueberries,4.47
733,Zucchini,3.23
733,Raspberries,2.51
733,Basil,4.02
733,Hot peppers,2.71
733,Blackcurrants,1.95
734,Rosemary,2.36
734,Cranberries,3.92
734,Avocados,4.5
734,Pumpkins,3.18
734,Cherries,2.73
734,Kumquats,5.2
734,Limes,2.45
735,Figs,2.53
735,Blackberries,1.22
735,Bananas,3.19
735,Cauliflower,3.78
735,Passionfruit,4.99
735,Kale,4.43
736,Carrots,5.36
736,Clementines,4.5
736,Asparagus,2.82
736,Garlic,4.73
736,Squash,3.24
737,Honey,1.82
737,Lettuce,2.8
737,Radicchio,1.21
738,Tomatoes,4.94
738,Okra,2.7
738,Figs,3.73
738,Leeks,1.18
738,Persimmons,5.4
739,Raspberries,1.93
739,Grapefruits,1.92
740,Eggplant,2.57
740,Pomegranates,4.16
740,Cantaloupes,2.65
740,Basil,5.23
741,Peanuts,2.54
741,Cinnamon,2.58
741,Avocados,4.69
741,Radishes,3.44
741,Strawberries,1.3
741,Limes,1.69
741,Beets,4.79
742,Cashews,1.52
742,Kiwi,1.68
742,Brussels sprouts,3.31
742,Corn,3.85
742,Currants,1.24
742,Pineapples,4.55
743,Currants,2.87
743,Pineapples,1.98
743,Pineberries,3.41
743,Spinach,2.06
744,Mint,3.92
744,Hot peppers,3.36
744,Swiss chard,5.14
744,Nectarines,2.84
744,Bok choy,2.08
744,Avocados,1.47
744,Boysenberries,4.15
744,Radicchio,3.69
744,Oranges,1.21
744,Squash,5.11
745,Watercress,5.33
745,Bell peppers,2.09
745,Basil,4.16
745,Oranges,4.58
745,Carrots,2.51
746,Gooseberries,4.66
746,Cucumbers,5.02
746,Blackcurrants,3.04
746,Corn,1.74
746,Kale,3.66
747,Cherries,1.86
747,Clementines,3.43
747,Beans,3.3
747,Grapes,4.22
747,Parsnips,2.14
748,Kiwi,3.64
748,Beets,4.42
748,Plums,1.98
748,Nectarines,5.24
748,Bananas,2.74
748,Chives,4.93
748,Peaches,2.9
748,Pomegranates,2.4
748,Guavas,1.92
749,Rambutan,3.2
749,Leeks,5.24
749,Artichokes,1.5
749,Cashews,1.15
749,Peas,2.68
749,Passionfruit,1.58
750,Cranberries,4.74
750,Grapes,2.94
750,Tomatoes,3.66
750,Nectarines,1.14
750,Grapefruits,5.34
750,Avocados,2.01
750,Gooseberries,3.12
750,Brussels sprouts,5.13
750,Guavas,2.7
751,Lemons,5.22
751,Brussels sprouts,1.12
751,Zucchini,3.56
751,Blueberries,4.16
751,Kiwi,2.14
751,Basil,2.94
751,Garlic,3.95
752,Jackfruit,3.77
752,Currants,4.01
752,Leeks,2.82
752,Swiss chard,5.44
752,Cranberries,2.57
753,Rosemary,3.93
753,Apples,3.33
753,Radicchio,4.11
754,Blackberries,5.35
754,Fennel,3.99
754,Bok choy,2.33
754,Corn,1.33
755,Blackcurrants,3.74
755,Broccoli,2.09
755,Pomegranates,4.16
755,Squash,1.44
755,Thyme,3.4
756,Guavas,5.25
756,Grapes,4.51
756,Coffee beans,4.81
756,Currants,2.62
757,Rambutan,2.39
757,Lemons,1.59
757,Coffee beans,4.75
758,Peanuts,2.66
758,Fennel,2.73
758,Kiwifruit,4.07
758,Collard greens,3.29
758,Pomegranates,2.09
758,Persimmons,1.85
759,Celery,1.59
759,Hot peppers,4.86
759,Peas,4.37
759,Passionfruit,1.56
759,Marionberries,1.8
759,Ugli fruit,4.66
760,Corn,2.86
760,Cabbage,2.06
760,Leeks,4.23
760,Lettuce,2.22
760,Dill,2.18
761,Blackcurrants,4.55
761,Raspberries,3.65
761,Grapefruits,1.67
762,Honeydews,5.19
762,Cashews,5.08
762,Papayas,1.89
762,Clementines,4.02
762,Marionberries,4.15
762,Cherimoya,2.49
762,Kiwifruit,1.55
762,Asparagus,1.34
763,Cherimoya,4.58
763,Honey,4.97
763,Persimmons,4.73
763,Almonds,4.54
763,Spinach,4.99
763,Cucumbers,3.69
763,Eggplant,1.43
764,Walnuts,4.97
764,Bananas,3.04
764,Collard greens,4.97
764,Potatoes,3.71
764,Okra,3.61
764,Honeydews,1.34
764,Raspberries,4.01
764,Sweet potatoes,3.52
764,Kiwi,1.83
765,Spinach,3.46
765,Brussels sprouts,5.09
765,Cumin,5.26
765,Peanuts,3.27
765,Honey,1.15
765,Mangoes,1.65
765,Limes,1.52
765,Beans,4.33
765,Carrots,1.86
766,Carrots,4.23
766,Dates,1.22
766,Parsley,2.8
766,Honeydews,2.79
766,Bok choy,2.25
767,Hazelnuts,4.74
767,Cabbage,5.11
767,Dragon fruit,3.43
767,Grapes,1.51
767,Boysenberries,4.88
767,Bananas,3.23
767,Guavas,1.22
767,Beets,3.65
768,Pecans,5.11
768,Blackcurrants,1.92
768,Rambutan,1.96
768,Cantaloupes,1.28
768,Strawberries,4.74
769,Kiwi,4.52
769,Zucchini,3.67
769,Honey,3.67
769,Gooseberries,4.99
769,Basil,4.86
769,Pumpkins,4.84
770,Lettuce,1.95
770,Jackfruit,4.24
770,Onions,1.84
770,Ugli fruit,3.8
770,Turnips,1.57
770,Carrots,4.67
770,Clementines,3.9
770,Marionberries,4.18
771,Peanuts,1.2
771,Pomelo,1.58
771,Pineapples,4.2
771,Mulberries,2.71
772,Beets,2.41
772,Mint,1.56
772,Sweet potatoes,5.42
773,Plums,3.92
773,Persimmons,5.34
773,Tomatoes,1.2
773,Boysenberries,3.35
773,Grapes,2.24
774,Marionberries,3.31
774,Blackberries,1.81
774,Leeks,4.01
774,Mint,2.59
774,Asparagus,2.43
775,Dill,5.26
775,Rambutan,2.93
775,Avocados,1.54
775,Asparagus,1.83
775,Guavas,2.64
776,Rosemary,1.75
776,Pistachios,4.29
776,Swiss chard,1.36
777,Kiwi,3.1
777,Radicchio,2.01
777,Kumquats,1.21
777,Gooseberries,3.48
777,Oranges,4.73
778,Broccoli,2.68
778,Cabbage,2.62
778,Grapefruits,4.84
778,Boysenberries,4.89
778,Lychee,3.4
778,Cilantro,2.18
778,Celery,1.17
778,Pomegranates,5.2
779,Dill,4.88
779,Zucchini,3.01
779,Cumin,3.33
779,Garlic,1.76
779,Lettuce,5.04
779,Cherries,1.72
779,Passionfruit,3.77
779,Radicchio,4.66
779,Guavas,3.77
780,Zucchini,4.56
780,Chives,1.83
780,Okra,1.24
780,Currants,1.65
780,Bananas,3.57
781,Cherimoya,4.72
781,Cilantro,3.19
781,Dates,4.8
781,Cranberries,4.58
781,Collard greens,1.22
781,Potatoes,3.51
781,Corn,4.74
782,Walnuts,2.64
782,Beets,4.73
782,Hot peppers,5.16
782,Eggplant,1.7
782,Pistachios,3.02
782,Cantaloupes,3.96
783,Zucchini,4.79
783,Potatoes,5.34
783,Beans,1.2
783,Grapes,1.25
783,Sage,2.45
783,Bananas,1.23
783,Corn,2.02
784,Apples,3.56
784,Garlic,3.04
784,Bok choy,4.87
784,Coffee beans,1.97
784,Bananas,4.98
784,Pecans,5.46
785,Mangoes,2.77
785,Celery,5.32
785,Garlic,1.35
785,Cherimoya,2.85
785,Clementines,2.57
785,Kale,4.63
785,Pecans,2.26
785,Bananas,2.48
785,Grapefruits,2.9
785,Collard greens,1.78
786,Spinach,1.24
786,Rosemary,4.95
786,Artichokes,5.24
786,Kiwifruit,3.54
786,Boysenberries,1.46
786,Dates,2.98
786,Brussels sprouts,5.01
786,Honeydews,2.55
787,Pumpkins,5.16
787,Cinnamon,4.73
787,Pomelo,3.29
787,Watercress,1.27
787,Honey,4.38
787,Potatoes,3.28
787,Kiwifruit,4.74
788,Apricots,2.92
788,Parsnips,1.14
788,Kiwi,5.48
788,Guavas,1.17
788,Spinach,5.1
789,Squash,3.14
789,Basil,3.57
789,Pomelo,4.72
789,Collard greens,5.06
789,Rosemary,4.67
789,Papayas,4.25
789,Cumin,4.12
789,Passionfruit,1.6
790,Oranges,2.78
790,Apples,3.48
790,Honeydews,3.1
790,Guavas,2.74
790,Pumpkins,1.38
790,Beets,1.62
790,Parsnips,4.68
790,Avocados,1.7
790,Hot peppers,1.38
791,Peanuts,4.33
791,Jackfruit,2.39
791,Gooseberries,2.24
791,Celery,5.09
791,Kiwi,4.65
791,Cinnamon,4.28
792,Lemons,4.23
792,Marionberries,5.02
792,Hot peppers,4.13
792,Coffee beans,3.29
792,Lettuce,2.3
793,Peas,4.36
793,Cranberries,1.43
793,Plums,4.14
793,Rosemary,4.93
793,Blackcurrants,4.39
793,Bananas,2.91
794,Hazelnuts,3.7
794,Swiss chard,1.58
794,Limes,5.24
794,Dill,4.73
794,Figs,3.43
794,Corn,3.44
794,Honeydews,1.98
794,Nectarines,4.4
795,Peaches,4.47
795,Cranberries,3.86
795,Corn,1.88
795,Carrots,3.73
795,Brussels sprouts,3.62
795,Apricots,1.89
795,Elderberries,5.17
795,Guavas,3.87
796,Guavas,5.43
796,Honeydews,4.12
796,Dragon fruit,2.53
796,Marionberries,2.07
797,Guavas,2.45
797,Apples,2.69
797,Marionberries,2.39
797,Collard greens,1.27
797,Radishes,2.62
797,Carrots,4.29
797,Radicchio,4.86
797,Mangoes,2.46
798,Radishes,2.47
798,Turnips,3.93
798,Rambutan,2.98
798,Leeks,5.28
798,Currants,2.17
798,Walnuts,2.07
798,Guavas,4.86
798,Blackcurrants,1.17
798,Onions,1.66
798,Hot peppers,1.38
799,Rosemary,2.39
799,Persimmons,2.55
799,Apples,2.7
799,Potatoes,2.0
799,Peas,1.77
799,Coffee beans,4.58
799,Cranberries,5.01
800,Strawberries,2.96
800,Marionberries,1.73
800,Bananas,1.95
800,Radishes,3.81
801,Mangoes,3.59
801,Bananas,3.25
801,Ugli fruit,2.87
801,Squash,4.18
801,Turnips,1.51
801,Pumpkins,4.37
802,Raspberries,1.12
802,Basil,4.73
802,Clementines,1.15
802,Bell peppers,4.93
802,Pomegranates,4.65
802,Artichokes,2.57
802,Mangoes,3.27
802,Oranges,3.01
802,Leeks,2.73
802,Kiwifruit,3.31
803,Artichokes,2.24
803,Dragon fruit,3.56
803,Asparagus,3.68
803,Potatoes,3.61
804,Celery,2.84
804,Honey,5.32
804,Leeks,5.1
805,Pomegranates,4.42
805,Watercress,4.53
805,Plums,1.17
806,Brussels sprouts,3.64
806,Hazelnuts,4.42
806,Rosemary,2.56
806,Watercress,2.35
806,Mint,3.74
806,Kiwi,3.84
806,Cranberries,3.13
806,Swiss chard,2.08
806,Leeks,3.41
807,Collard greens,4.91
807,Cumin,2.03
807,Pecans,4.77
807,Turnips,2.07
807,Pineberries,4.94
807,Peanuts,2.69
807,Broccoli,4.07
807,Bok choy,5.47
807,Cranberries,2.04
807,Lemons,3.17
808,Persimmons,2.41
808,Mangoes,4.1
808,Grapes,3.68
808,Beets,5.22
808,Cherimoya,1.9
808,Tangerines,2.42
808,Ugli fruit,4.74
808,Pomegranates,1.74
809,Blueberries,2.46
809,Dill,3.28
809,Mulberries,1.37
809,Peanuts,3.54
809,Corn,5.48
809,Basil,1.24
810,Leeks,2.43
810,Dragon fruit,2.97
810,Cantaloupes,3.47
810,Artichokes,5.36
810,Sweet potatoes,1.94
811,Mulberries,4.55
811,Cinnamon,1.77
811,Papayas,3.28
811,Squash,4.14
811,Parsley,1.52
811,Cilantro,3.18
812,Pomegranates,5.5
812,Elderberries,3.22
812,Thyme,1.14
813,Almonds,2.2
813,Cashews,3.49
813,Onions,4.53
813,Cherries,4.49
813,Eggplant,3.71
814,Guavas,1.52
814,Zucchini,4.85
814,Limes,4.65
814,Coffee beans,4.25
814,Radishes,2.35
814,Grapefruits,2.23
814,Ugli fruit,5.12
815,Carrots,4.27
815,Dragon fruit,2.75
815,Spinach,5.23
815,Apricots,4.53
815,Grapes,4.65
815,Potatoes,1.46
815,Parsley,2.31
815,Walnuts,2.52
815,Ugli fruit,3.57
815,Marionberries,3.28
816,Garlic,4.07
816,Asparagus,2.07
816,Bok choy,1.26
817,Radicchio,1.39
817,Marionberries,2.38
817,Limes,5.31
818,Honey,2.81
818,Watercress,1.3
818,Swiss chard,3.77
818,Okra,4.99
819,Apples,4.39
819,Hazelnuts,4.62
819,Clementines,4.24
819,Avocados,2.33
819,Parsley,4.02
819,Sage,1.44
819,Watermelons,4.65
819,Turnips,3.02
819,Papayas,1.93
819,Cucumbers,1.27
820,Broccoli,3.39
820,Beets,3.61
820,Mint,3.74
820,Tangerines,1.84
820,Honey,4.22
820,Tomatoes,1.11
820,Leeks,4.61
820,Grapefruits,2.7
820,Cherries,1.2
821,Parsley,4.03
821,Grapefruits,1.28
821,Bell peppers,1.27
822,Cinnamon,4.01
822,Mulberries,5.41
822,Lemons,2.58
822,Blackberries,5.42
822,Bananas,2.5
823,Kiwi,4.79
823,Lettuce,4.16
823,Kiwifruit,4.95
823,Dragon fruit,1.57
823,Carrots,4.7
823,Peanuts,3.11
824,Leeks,5.3
824,Coffee beans,5.07
824,Currants,3.23
824,Apples,2.27
824,Honey,3.21
824,Kiwi,3.95
825,Cinnamon,2.74
825,Dates,4.27
825,Mangoes,2.94
825,Garlic,3.26
825,Clementines,2.76
825,Walnuts,5.3
825,Dill,2.04
825,Kumquats,2.24
826,Pineapples,4.43
826,Almonds,1.78
826,Cinnamon,4.67
826,Figs,5.17
826,Kiwi,5.49
826,Passionfruit,4.85
827,Elderberries,1.66
827,Figs,1.72
827,Cherries,2.62
827,Cilantro,1.94
827,Persimmons,1.88
827,Swiss chard,2.84
828,Okra,3.84
828,Potatoes,4.53
828,Mustard greens,1.35
828,Cherimoya,4.08
828,Guavas,3.69
828,Cabbage,2.17
829,Parsnips,5.3
829,Radicchio,4.11
829,Grapes,3.35
829,Beets,3.73
829,Lettuce,3.49
829,Brussels sprouts,5.2
829,Persimmons,2.3
830,Elderberries,1.47
830,Honeydews,5.02
830,Spinach,3.28
830,Sage,2.27
830,Fennel,2.93
831,Boysenberries,1.69
831,Sage,2.64
831,Mustard greens,2.82
831,Chives,3.1
831,Cilantro,4.27
831,Kiwifruit,5.18
831,Leeks,3.84
831,Eggplant,2.64
832,Eggplant,4.52
832,Kiwifruit,4.39
832,Rambutan,5.27
832,Cherries,5.1
832,Potatoes,2.7
832,Honey,4.28
833,Garlic,2.62
833,Broccoli,3.34
833,Mulberries,5.12
833,Figs,2.27
833,Thyme,2.38
834,Radicchio,4.5
834,Kiwifruit,2.48
835,Peas,3.64
835,Plums,5.07
835,Eggplant,2.43
835,Hot peppers,1.15
835,Bok choy,3.63
835,Asparagus,2.91
835,Mustard greens,4.39
835,Garlic,2.98
835,Squash,2.78
836,Sunflower seeds,1.32
836,Parsley,1.41
836,Pomegranates,5.21
836,Swiss chard,4.05
836,Lettuce,4.55
836,Cantaloupes,1.63
836,Grapefruits,3.62
836,Clementines,4.17
837,Apricots,2.99
837,Raspberries,2.07
837,Blackberries,2.3
837,Strawberries,4.54
837,Blackcurrants,5.01
837,Peaches,1.34
837,Lettuce,2.51
838,Nectarines,4.48
838,Mangoes,1.77
838,Limes,4.48
838,Peas,1.72
838,Carrots,1.58
838,Zucchini,3.75
838,Bananas,1.38
838,Mustard greens,3.07
839,Parsnips,3.15
839,Cinnamon,3.93
839,Bok choy,2.82
839,Pomegranates,3.56
839,Rambutan,1.32
839,Pumpkins,2.43
839,Kumquats,1.15
839,Almonds,3.27
839,Brussels sprouts,1.46
839,Sage,2.67
840,Mangoes,2.69
840,Lemons,3.33
840,Pineberries,5.42
840,Grapes,2.06
840,Brussels sprouts,1.83
840,Pomegranates,5.05
840,Marionberries,4.68
840,Collard greens,1.46
840,Pecans,5.06
840,Radishes,2.76
841,Gooseberries,2.87
841,Raspberries,4.51
841,Rambutan,4.11
841,Parsnips,3.79
841,Marionberries,2.62
842,Mangoes,1.59
842,Coffee beans,1.93
842,Almonds,4.33
842,Grapefruits,4.04
842,Tomatoes,4.66
843,Squash,1.56
843,Blueberries,3.23
843,Mint,2.16
843,Rambutan,4.02
843,Cantaloupes,2.38
843,Figs,3.5
843,Pomegranates,3.07
844,Blueberries,4.52
844,Pomegranates,2.36
844,Peaches,1.9
844,Rosemary,3.55
844,Raspberries,3.23
844,Onions,4.04
844,Avocados,1.86
844,Ugli fruit,1.5
845,Ugli fruit,3.0
845,Brussels sprouts,4.43
845,Boysenberries,2.34
845,Pecans,4.57
846,Lettuce,3.87
846,Kiwifruit,4.16
846,Parsley,3.02
846,Boysenberries,2.82
846,Carrots,4.11
846,Marionberries,3.73
846,Blackberries,3.52
847,Walnuts,4.56
847,Guavas,5.46
847,Passionfruit,4.98
848,Cumin,2.38
848,Guavas,5.02
848,Apricots,1.9
848,Mangoes,1.96
848,Peanuts,2.24
848,Eggplant,3.87
848,Blackberries,2.5
848,Thyme,3.53
848,Pineberries,4.0
849,Squash,5.09
849,Pineberries,5.48
849,Watermelons,3.48
849,Cucumbers,3.9
849,Gooseberries,2.71
849,Bell peppers,3.04
849,Thyme,5.42
849,Turnips,3.68
849,Parsley,4.64
