0,Emmie,Robb,277-290-3708,consumer0.contact@yahoo.com
1,Euphemia,Spurgeon,644-701-6254,consumer1.contact@gmail.com
2,Deandre,Del,333-772-2990,consumer2.contact@yahoo.com
3,Emmaline,Gilford,694-265-5493,consumer3.contact@yahoo.com
4,Jailyn,Antony,652-578-1042,consumer4.contact@gmail.com
5,Shafter,Bee,924-820-9867,consumer5.contact@yahoo.com
6,Lenora,Arleen,195-684-1408,consumer6.contact@yahoo.com
7,Nannette,Krystina,471-689-3199,consumer7.contact@yahoo.com
8,Cyrus,Ashli,877-533-2391,consumer8.contact@gmail.com
9,Octavius,Hasan,447-307-2889,consumer9.contact@gmail.com
10,Wilhelmina,Katlin,256-631-2322,consumer10.contact@gmail.com
11,Zaire,Alesha,646-786-2592,consumer11.contact@yahoo.com
12,Joella,Woodson,234-484-2691,consumer12.contact@gmail.com
13,Glenda,Erline,962-288-7616,consumer13.contact@yahoo.com
14,Roseanne,Carlotta,765-101-1250,consumer14.contact@gmail.com
15,Adin,Victor,720-511-4857,consumer15.contact@gmail.com
16,Kelley,Yulissa,489-817-1695,consumer16.contact@yahoo.com
17,Wilda,Creola,474-175-2974,consumer17.contact@yahoo.com
18,Haven,Rozella,414-301-7881,consumer18.contact@yahoo.com
19,Guthrie,Amani,979-758-5527,consumer19.contact@gmail.com
20,Donn,Dicy,991-941-9178,consumer20.contact@yahoo.com
21,Pershing,Gottlieb,185-585-7760,consumer21.contact@gmail.com
22,North,Kenia,331-314-6156,consumer22.contact@gmail.com
23,Anona,Uriah,921-570-3333,consumer23.contact@gmail.com
24,Caitlin,Elbert,883-896-2133,consumer24.contact@gmail.com
25,Tucker,Meredith,361-686-2885,consumer25.contact@yahoo.com
26,Tobias,Daphne,248-972-5669,consumer26.contact@yahoo.com
27,Gust,Sherron,433-479-7638,consumer27.contact@gmail.com
28,Devontae,Kourtney,418-346-9714,consumer28.contact@gmail.com
29,Lelar,Velia,945-231-2530,consumer29.contact@yahoo.com
30,Anson,Nia,769-124-8629,consumer30.contact@yahoo.com
31,Mikal,Louie,755-341-8384,consumer31.contact@gmail.com
32,French,Mckinley,964-835-2091,consumer32.contact@yahoo.com
33,Johnie,Domenic,242-169-3164,consumer33.contact@gmail.com
34,Kiana,Vena,500-511-8805,consumer34.contact@yahoo.com
35,Cherelle,Omie,569-158-1834,consumer35.contact@gmail.com
36,Kevin,Cordaro,275-427-3211,consumer36.contact@gmail.com
37,Ema,Koda,370-785-5126,consumer37.contact@yahoo.com
38,Kaaren,Hubert,297-513-8870,consumer38.contact@yahoo.com
39,Candy,Jocelyne,575-467-8321,consumer39.contact@yahoo.com
40,Manuelita,Alize,360-128-8535,consumer40.contact@gmail.com
41,Junia,Sarina,434-760-7419,consumer41.contact@gmail.com
42,Rexford,Miesha,209-655-4058,consumer42.contact@gmail.com
43,Hildur,Glinda,885-989-1636,consumer43.contact@gmail.com
44,Karlee,Errol,181-700-4399,consumer44.contact@yahoo.com
45,Saul,Nichelle,629-980-1418,consumer45.contact@yahoo.com
46,Chloie,Jayla,807-854-6174,consumer46.contact@yahoo.com
47,Claudie,Tyler,398-831-2854,consumer47.contact@yahoo.com
48,Tyreek,Woodie,855-512-4896,consumer48.contact@gmail.com
49,Toy,Cristin,711-242-8763,consumer49.contact@gmail.com
50,Mckenna,Ike,237-371-5422,consumer50.contact@gmail.com
51,Pricilla,Link,787-754-9466,consumer51.contact@gmail.com
52,Oney,Megan,551-301-1960,consumer52.contact@gmail.com
53,Luc,Javier,433-765-5246,consumer53.contact@gmail.com
54,Kristin,Monica,553-385-5175,consumer54.contact@yahoo.com
55,Osborne,Kipp,450-394-6724,consumer55.contact@gmail.com
56,Nolia,Donaciano,800-509-1417,consumer56.contact@gmail.com
57,Storm,Kendra,612-973-9140,consumer57.contact@gmail.com
58,Jordi,Prince,946-439-5676,consumer58.contact@yahoo.com
59,Owens,Sanaa,964-371-9600,consumer59.contact@gmail.com
60,Randolf,Hilah,996-555-5156,consumer60.contact@yahoo.com
61,Violetta,Almedia,883-536-6662,consumer61.contact@yahoo.com
62,Dick,Chessie,419-200-9802,consumer62.contact@gmail.com
63,Dante,Macie,121-624-5085,consumer63.contact@yahoo.com
64,Cierra,Sumner,776-535-6201,consumer64.contact@yahoo.com
65,Randall,Grayce,469-116-4842,consumer65.contact@gmail.com
66,Alphonsine,Isidro,207-826-5840,consumer66.contact@yahoo.com
67,Wilfred,Asberry,262-987-5630,consumer67.contact@gmail.com
68,Janna,Koby,390-651-9427,consumer68.contact@yahoo.com
69,Antoinette,Zachariah,502-709-5458,consumer69.contact@yahoo.com
70,Emett,Tamya,389-866-5010,consumer70.contact@gmail.com
71,Ryder,Leilani,142-355-6947,consumer71.contact@yahoo.com
72,Trey,Joshua,563-258-2807,consumer72.contact@yahoo.com
73,Angelica,Ailene,693-717-6895,consumer73.contact@gmail.com
74,Jorden,Kathlyn,350-457-5191,consumer74.contact@yahoo.com
75,Versa,Nathen,528-697-1890,consumer75.contact@yahoo.com
76,Tobin,Jordyn,973-420-6058,consumer76.contact@yahoo.com
77,Manson,Shanice,665-784-9094,consumer77.contact@gmail.com
78,Martha,Brittnee,272-821-3649,consumer78.contact@yahoo.com
79,Hoy,Tishie,231-566-2968,consumer79.contact@yahoo.com
80,Dicy,Delila,150-587-5941,consumer80.contact@gmail.com
81,Baron,May,104-344-3137,consumer81.contact@yahoo.com
82,Khalilah,Jimena,568-870-4015,consumer82.contact@yahoo.com
83,Orlena,Nikolai,893-990-5810,consumer83.contact@gmail.com
84,Fidencio,Shirleyann,979-875-3181,consumer84.contact@yahoo.com
85,Thedore,Irven,331-551-5036,consumer85.contact@yahoo.com
86,Ardeth,Jedidiah,453-411-4738,consumer86.contact@yahoo.com
87,Leisa,Mitchell,468-132-5212,consumer87.contact@yahoo.com
88,Johnna,Jammie,299-837-4706,consumer88.contact@yahoo.com
89,Clarabelle,Andy,997-910-8094,consumer89.contact@gmail.com
90,Christine,Alwine,698-553-7150,consumer90.contact@yahoo.com
91,Josiephine,Hollie,649-497-6211,consumer91.contact@gmail.com
92,Alcide,Harper,882-927-7400,consumer92.contact@gmail.com
93,Terrance,Adalynn,898-698-5198,consumer93.contact@yahoo.com
94,Zachariah,Braiden,945-159-7046,consumer94.contact@yahoo.com
95,Hayley,Reese,585-887-6226,consumer95.contact@gmail.com
96,Mikhail,Cullen,887-994-9123,consumer96.contact@yahoo.com
97,Tobie,Jadiel,556-618-2218,consumer97.contact@yahoo.com
98,Lorelai,Wilfredo,482-208-3164,consumer98.contact@yahoo.com
99,Jace,Bennie,893-966-5428,consumer99.contact@gmail.com
100,Hedwig,Theda,336-311-7398,consumer100.contact@gmail.com
101,Americo,Connor,147-262-6600,consumer101.contact@yahoo.com
102,Ellar,Tamekia,267-222-2195,consumer102.contact@gmail.com
103,Ota,Gilmer,914-173-6758,consumer103.contact@yahoo.com
104,Lige,Augustine,923-969-8562,consumer104.contact@yahoo.com
105,Mildred,Randel,593-113-8757,consumer105.contact@gmail.com
106,Shante,Geneva,934-209-7252,consumer106.contact@yahoo.com
107,Asberry,Nathanial,260-464-3311,consumer107.contact@yahoo.com
108,Citlali,Floretta,297-452-9085,consumer108.contact@yahoo.com
109,Lovisa,Bose,210-212-5673,consumer109.contact@gmail.com
110,Lish,Ashli,841-344-4855,consumer110.contact@gmail.com
111,Beatrix,Jett,718-928-3675,consumer111.contact@gmail.com
112,Werner,Lary,387-716-9347,consumer112.contact@gmail.com
113,Benjamin,Vanesa,664-732-3432,consumer113.contact@yahoo.com
114,Cesar,Jermaine,580-455-1505,consumer114.contact@yahoo.com
115,Marci,Ernst,703-942-2206,consumer115.contact@gmail.com
116,Elyse,Hailie,115-184-4801,consumer116.contact@gmail.com
117,Van,Lesia,954-809-9281,consumer117.contact@gmail.com
118,Noelle,Cori,607-313-8890,consumer118.contact@yahoo.com
119,Mittie,Hilario,674-600-3559,consumer119.contact@yahoo.com
120,Carina,Jaslyn,315-175-1391,consumer120.contact@yahoo.com
121,Deward,Alyce,378-894-9176,consumer121.contact@gmail.com
122,Natosha,Merton,487-552-3412,consumer122.contact@yahoo.com
123,Alina,Caleigh,377-768-7165,consumer123.contact@yahoo.com
124,Tricia,Jessi,747-138-5050,consumer124.contact@yahoo.com
125,Bridget,Rickey,270-918-5452,consumer125.contact@gmail.com
126,Ira,Citlali,478-709-2146,consumer126.contact@yahoo.com
127,Laverne,Brett,839-769-1489,consumer127.contact@yahoo.com
128,Delisa,Claudine,832-721-1665,consumer128.contact@gmail.com
129,Kian,Chelsea,593-594-1466,consumer129.contact@yahoo.com
130,Enriqueta,Sullivan,417-916-6892,consumer130.contact@yahoo.com
131,Kathleen,Dean,415-648-6034,consumer131.contact@yahoo.com
132,Link,Cathi,333-142-8408,consumer132.contact@gmail.com
133,Almus,Nels,116-360-7744,consumer133.contact@gmail.com
134,Antwon,Rosia,188-645-2574,consumer134.contact@yahoo.com
135,Jaylen,Leatrice,177-892-7685,consumer135.contact@gmail.com
136,Kimberlie,Cephus,551-408-8045,consumer136.contact@yahoo.com
137,Rube,Westley,186-141-6751,consumer137.contact@gmail.com
138,Charle,Murdock,567-962-7107,consumer138.contact@yahoo.com
139,Filomena,Chaz,754-446-4542,consumer139.contact@yahoo.com
140,Emile,Kayla,425-355-8133,consumer140.contact@gmail.com
141,Trena,Rowan,252-115-1442,consumer141.contact@gmail.com
142,Bena,Henrietta,860-651-8790,consumer142.contact@yahoo.com
143,Malinda,Darien,219-665-7287,consumer143.contact@yahoo.com
144,Rhianna,Kami,678-144-4365,consumer144.contact@gmail.com
145,Elfrieda,Jeramy,149-298-3735,consumer145.contact@yahoo.com
146,Ariel,Chauncey,889-406-3640,consumer146.contact@gmail.com
147,Elenor,Kristine,827-854-8672,consumer147.contact@yahoo.com
148,Clella,Hubert,911-733-4561,consumer148.contact@yahoo.com
149,Juana,Demetri,291-870-2387,consumer149.contact@gmail.com
150,Lorene,Jodi,174-983-2485,consumer150.contact@gmail.com
151,Stella,Launa,767-461-5046,consumer151.contact@yahoo.com
152,Jens,Virgia,637-379-6937,consumer152.contact@yahoo.com
153,Davion,Dicy,624-396-5064,consumer153.contact@gmail.com
154,Alyse,Shaquita,589-968-8640,consumer154.contact@yahoo.com
155,Gabriella,Colon,528-770-7038,consumer155.contact@gmail.com
156,Thurston,Anna,932-166-4971,consumer156.contact@gmail.com
157,Elayne,Reyna,498-758-4977,consumer157.contact@yahoo.com
158,Long,Elinor,151-982-4509,consumer158.contact@yahoo.com
159,Jazlynn,Lorelei,656-455-7348,consumer159.contact@yahoo.com
160,Mozelle,Kody,417-538-9542,consumer160.contact@gmail.com
161,Ermine,Staci,934-470-2053,consumer161.contact@gmail.com
162,Sim,Raynard,233-821-8698,consumer162.contact@yahoo.com
163,Cordaro,Merrilee,375-660-1506,consumer163.contact@gmail.com
164,Kala,Declan,423-274-5825,consumer164.contact@gmail.com
165,Siobhan,Aubra,147-424-2613,consumer165.contact@gmail.com
166,Jaylen,Iridian,410-571-9293,consumer166.contact@gmail.com
167,Derrek,Julianna,781-455-9397,consumer167.contact@yahoo.com
168,Mekhi,Zandra,102-753-5862,consumer168.contact@gmail.com
169,Hillery,Alyssia,443-553-7618,consumer169.contact@yahoo.com
170,Randolph,Bella,120-559-8058,consumer170.contact@gmail.com
171,Gauge,Murry,479-120-3175,consumer171.contact@gmail.com
172,Ebba,Gottlieb,739-363-1513,consumer172.contact@gmail.com
173,Concetta,Brett,850-111-1024,consumer173.contact@yahoo.com
174,Destin,Myer,118-378-3025,consumer174.contact@gmail.com
175,Carlotta,Savilla,212-913-8946,consumer175.contact@gmail.com
176,Shana,Dola,672-327-6602,consumer176.contact@yahoo.com
177,Amir,Jasper,402-928-7522,consumer177.contact@gmail.com
178,Luisa,Barry,571-322-4644,consumer178.contact@gmail.com
179,Nicolle,Malvina,863-506-6308,consumer179.contact@yahoo.com
180,Eligah,Scott,789-123-8370,consumer180.contact@gmail.com
181,Aldona,Newell,678-921-2424,consumer181.contact@gmail.com
182,Donovan,Evangeline,939-765-6107,consumer182.contact@yahoo.com
183,Maverick,Buddie,635-803-7418,consumer183.contact@gmail.com
184,Alfie,Charlotte,804-148-9670,consumer184.contact@gmail.com
185,Bryce,Mykel,865-577-8952,consumer185.contact@yahoo.com
186,Tremaine,Kamden,900-810-9816,consumer186.contact@yahoo.com
187,Lissette,Arland,199-578-2451,consumer187.contact@gmail.com
188,Lulie,Lars,752-692-3284,consumer188.contact@yahoo.com
189,Mallory,Tyrell,163-470-8624,consumer189.contact@gmail.com
190,Grisel,Wardell,273-187-1372,consumer190.contact@yahoo.com
191,Sherie,Alton,907-932-3624,consumer191.contact@gmail.com
192,Emory,Eryn,829-537-4117,consumer192.contact@gmail.com
193,Kennedi,Ervin,218-965-8159,consumer193.contact@gmail.com
194,Lott,Jesus,512-546-8745,consumer194.contact@gmail.com
195,Miguel,Plummer,757-610-4109,consumer195.contact@gmail.com
196,Gena,Lettie,813-925-9637,consumer196.contact@yahoo.com
197,Jayla,Maverick,506-950-7729,consumer197.contact@gmail.com
198,Aubree,Brown,881-687-3713,consumer198.contact@gmail.com
199,Tobias,Encarnacion,158-712-3551,consumer199.contact@yahoo.com
200,Glynis,Lillard,517-768-5622,consumer200.contact@gmail.com
201,Alphonse,Delia,512-713-1915,consumer201.contact@yahoo.com
202,Alek,Carlota,565-838-3659,consumer202.contact@gmail.com
203,Ardis,Duard,518-261-1650,consumer203.contact@gmail.com
204,Friend,Martine,813-665-3864,consumer204.contact@gmail.com
205,Offie,Queen,622-946-1456,consumer205.contact@gmail.com
206,Collis,Jarred,105-220-5980,consumer206.contact@yahoo.com
207,Tobin,Jame,915-505-6696,consumer207.contact@gmail.com
208,Marquita,Ermine,568-990-7947,consumer208.contact@gmail.com
209,Olin,Kyleigh,925-956-1038,consumer209.contact@gmail.com
210,Halie,Keaton,341-275-3591,consumer210.contact@yahoo.com
211,Theta,Nella,904-275-1044,consumer211.contact@gmail.com
212,Elvie,Zakary,248-258-3172,consumer212.contact@yahoo.com
213,Tomika,Gaylene,674-811-3412,consumer213.contact@yahoo.com
214,Tatyanna,Dakota,225-703-7725,consumer214.contact@yahoo.com
215,Kaela,Benton,510-620-5277,consumer215.contact@gmail.com
216,Emilie,Marquise,215-721-2764,consumer216.contact@yahoo.com
217,Edmond,Bernice,604-247-8130,consumer217.contact@yahoo.com
218,Luanne,Nallely,360-943-9535,consumer218.contact@yahoo.com
219,Rudy,Laci,385-200-4520,consumer219.contact@yahoo.com
220,Nile,Noe,433-881-2730,consumer220.contact@yahoo.com
221,Emma,Charisse,460-449-7180,consumer221.contact@gmail.com
222,Rice,Vina,559-677-2393,consumer222.contact@gmail.com
223,Miriah,Lindy,550-362-2613,consumer223.contact@gmail.com
224,Dax,Lavon,736-994-5156,consumer224.contact@gmail.com
225,Larae,Buelah,261-439-5761,consumer225.contact@gmail.com
226,Meghan,Marinda,911-193-5524,consumer226.contact@yahoo.com
227,Justin,Etha,698-158-3553,consumer227.contact@yahoo.com
228,Taj,Tristen,761-393-5554,consumer228.contact@gmail.com
229,Georgianna,Benjamen,245-335-5036,consumer229.contact@gmail.com
230,Ezekiel,Tella,173-769-3687,consumer230.contact@yahoo.com
231,Carolynn,Dyan,693-123-4050,consumer231.contact@yahoo.com
232,Dian,Susana,332-995-2501,consumer232.contact@gmail.com
233,Leisa,Worley,547-254-4204,consumer233.contact@yahoo.com
234,Tavion,Cathey,686-591-9728,consumer234.contact@yahoo.com
235,Jarvis,Marrion,854-792-7239,consumer235.contact@gmail.com
236,Gabe,Curtis,576-776-8843,consumer236.contact@gmail.com
237,Uriel,Farris,607-817-8920,consumer237.contact@gmail.com
238,Claus,Lissette,496-301-7718,consumer238.contact@yahoo.com
239,Charlotte,Gust,141-483-5926,consumer239.contact@yahoo.com
240,Lulie,Adriana,253-770-1057,consumer240.contact@gmail.com
241,Denisha,Renea,133-835-5207,consumer241.contact@yahoo.com
242,Verl,Nicklaus,578-299-5023,consumer242.contact@gmail.com
243,Clarabelle,Elza,701-774-3108,consumer243.contact@yahoo.com
244,Clarance,Thekla,358-641-8402,consumer244.contact@gmail.com
245,Lota,Mari,999-786-3091,consumer245.contact@gmail.com
246,Shenna,Valorie,378-245-7575,consumer246.contact@gmail.com
247,Raynard,Gerry,625-947-5755,consumer247.contact@yahoo.com
248,John,Monroe,373-718-7287,consumer248.contact@gmail.com
249,Cydney,Tammie,884-408-1603,consumer249.contact@gmail.com
250,Marquis,Aron,695-163-8357,consumer250.contact@gmail.com
251,Adamaris,Brandan,643-320-8387,consumer251.contact@gmail.com
252,Georganna,Davy,532-575-9067,consumer252.contact@gmail.com
253,Rosalie,Stefani,751-971-7218,consumer253.contact@gmail.com
254,Liston,Josue,114-362-4496,consumer254.contact@yahoo.com
255,Ryne,Tyson,151-405-6145,consumer255.contact@gmail.com
256,Juanita,Rheta,724-214-2927,consumer256.contact@gmail.com
257,Olga,Garold,816-556-4363,consumer257.contact@yahoo.com
258,Eola,Gerda,849-576-3882,consumer258.contact@yahoo.com
259,Kelli,Helma,116-453-1821,consumer259.contact@yahoo.com
260,Raymon,Itzel,106-522-2782,consumer260.contact@yahoo.com
261,Zaire,Skyler,512-796-5768,consumer261.contact@yahoo.com
262,Julisa,Addisyn,697-184-9121,consumer262.contact@yahoo.com
263,Joycelyn,Beckie,955-193-4823,consumer263.contact@gmail.com
264,Josefa,Lenord,677-564-2135,consumer264.contact@yahoo.com
265,Linus,Clydie,454-362-7273,consumer265.contact@yahoo.com
266,Michal,Docia,693-108-5088,consumer266.contact@yahoo.com
267,Anner,Ernie,326-531-8937,consumer267.contact@yahoo.com
268,Ernesto,Kinsey,302-487-6401,consumer268.contact@gmail.com
269,Dorothea,Torey,572-639-3041,consumer269.contact@gmail.com
270,Monty,Emelie,482-281-1675,consumer270.contact@yahoo.com
271,Carleton,Ahmad,794-830-4382,consumer271.contact@gmail.com
272,Alida,Edgar,872-677-1593,consumer272.contact@gmail.com
273,Dempsey,Laurel,837-876-8710,consumer273.contact@yahoo.com
274,Pearly,Eugene,436-290-5608,consumer274.contact@yahoo.com
275,Alverda,Tahj,480-196-6377,consumer275.contact@yahoo.com
276,Lennie,Dinah,185-738-3353,consumer276.contact@yahoo.com
277,Karlee,Santa,255-701-9926,consumer277.contact@gmail.com
278,Page,Cherri,970-631-7692,consumer278.contact@gmail.com
279,Kurt,Dillon,267-725-9712,consumer279.contact@yahoo.com
280,Amasa,Manford,250-249-7336,consumer280.contact@yahoo.com
281,Chyna,Hymen,489-881-1823,consumer281.contact@gmail.com
282,Nikko,Courtney,339-889-7152,consumer282.contact@gmail.com
283,Soren,Clella,581-524-9517,consumer283.contact@yahoo.com
284,Bonnie,Dori,501-138-5839,consumer284.contact@yahoo.com
285,Geoff,Gideon,387-647-8247,consumer285.contact@gmail.com
286,Denver,Zina,434-341-5369,consumer286.contact@gmail.com
287,Elzada,Malissie,988-801-1328,consumer287.contact@yahoo.com
288,Linton,Toy,747-227-9697,consumer288.contact@yahoo.com
289,Myranda,Emelie,955-427-9568,consumer289.contact@yahoo.com
290,Juliet,Leilani,605-950-3093,consumer290.contact@yahoo.com
291,Peggy,Kacy,949-870-5006,consumer291.contact@gmail.com
292,Ardis,Leo,608-762-4917,consumer292.contact@yahoo.com
293,Olivine,Dwain,864-922-1078,consumer293.contact@gmail.com
294,Stacey,Magdalen,264-759-4223,consumer294.contact@yahoo.com
295,Merle,Mitchell,810-757-3272,consumer295.contact@gmail.com
296,Concetta,Juan,750-378-9822,consumer296.contact@yahoo.com
297,Rahul,Patricia,877-851-4771,consumer297.contact@gmail.com
298,Penni,Milly,810-117-1359,consumer298.contact@gmail.com
299,Garey,Charlotte,521-893-1098,consumer299.contact@yahoo.com
300,Donavan,Sharde,162-320-8642,consumer300.contact@yahoo.com
301,Neal,Luna,290-250-5741,consumer301.contact@gmail.com
302,Demetra,Kandace,651-179-9170,consumer302.contact@yahoo.com
303,Chadrick,Lizzie,933-936-7017,consumer303.contact@yahoo.com
304,Yurem,Myah,203-839-6986,consumer304.contact@gmail.com
305,Lexi,Cloyd,435-461-7792,consumer305.contact@gmail.com
306,Frida,Kelton,888-503-8075,consumer306.contact@yahoo.com
307,Jorge,Alice,893-924-3537,consumer307.contact@gmail.com
308,Iola,Woodrow,198-622-7523,consumer308.contact@gmail.com
309,Liz,Ned,965-695-2764,consumer309.contact@gmail.com
310,Gray,Brayden,545-327-3347,consumer310.contact@yahoo.com
311,Guido,Lindbergh,831-619-2433,consumer311.contact@gmail.com
312,Imogene,Sky,281-949-4872,consumer312.contact@yahoo.com
313,Nathanael,Donia,586-244-5495,consumer313.contact@gmail.com
314,Ronald,Alannah,992-231-7889,consumer314.contact@gmail.com
315,Alicia,Nikolai,934-398-1249,consumer315.contact@gmail.com
316,Sabastian,Jimmy,210-202-6298,consumer316.contact@gmail.com
317,Justine,Hilbert,339-794-2991,consumer317.contact@gmail.com
318,Tobi,Hezzie,605-939-4617,consumer318.contact@yahoo.com
319,North,Jeptha,927-217-5191,consumer319.contact@gmail.com
320,Pinkney,Mirtie,338-836-8173,consumer320.contact@yahoo.com
321,Silvio,Lorenzo,788-744-2025,consumer321.contact@gmail.com
322,Zachery,Chrystal,198-304-8497,consumer322.contact@yahoo.com
323,Green,Birt,972-685-7845,consumer323.contact@yahoo.com
324,Erastus,Azul,303-723-2746,consumer324.contact@yahoo.com
325,Ceola,Vivien,862-776-1757,consumer325.contact@gmail.com
326,Wenzel,Darwin,168-887-2646,consumer326.contact@yahoo.com
327,Kristal,Ismael,442-857-6667,consumer327.contact@yahoo.com
328,Colt,Illya,101-503-7628,consumer328.contact@yahoo.com
329,Penelope,Noel,743-608-2342,consumer329.contact@gmail.com
330,Kasen,Stanford,107-821-3240,consumer330.contact@gmail.com
331,Lauretta,Kristen,570-584-9314,consumer331.contact@gmail.com
332,Myron,Alexis,759-972-7732,consumer332.contact@yahoo.com
333,Cheri,Ritchie,181-793-4667,consumer333.contact@yahoo.com
334,Zettie,Jaylee,243-712-4516,consumer334.contact@yahoo.com
335,Russ,Loraine,411-619-7836,consumer335.contact@yahoo.com
336,Mellisa,Beda,351-226-7188,consumer336.contact@yahoo.com
337,Villa,Wenzel,899-457-1426,consumer337.contact@yahoo.com
338,Kyler,Normand,625-741-9094,consumer338.contact@gmail.com
339,Celestia,Al,137-887-2900,consumer339.contact@gmail.com
340,Joan,Cullen,185-539-4428,consumer340.contact@gmail.com
341,Lute,Spring,570-189-2275,consumer341.contact@gmail.com
342,Damien,Rebeca,263-497-6708,consumer342.contact@gmail.com
343,Greta,Asher,309-602-2119,consumer343.contact@yahoo.com
344,Aldona,Tosha,218-377-2434,consumer344.contact@yahoo.com
345,Linwood,Francisqui,688-895-5618,consumer345.contact@gmail.com
346,Rodrigo,Latonya,542-914-3852,consumer346.contact@yahoo.com
347,Sim,Mintie,446-112-6024,consumer347.contact@gmail.com
348,Cordell,Zigmund,694-744-6877,consumer348.contact@gmail.com
349,Hamilton,Elwin,763-163-3983,consumer349.contact@yahoo.com
350,Bea,Emaline,691-876-3406,consumer350.contact@yahoo.com
351,Fannie,Mindy,651-667-4258,consumer351.contact@gmail.com
352,Lavinia,Jeremie,436-834-3356,consumer352.contact@gmail.com
353,Kade,Gustavus,971-589-9970,consumer353.contact@yahoo.com
354,Martell,Venita,167-530-6903,consumer354.contact@yahoo.com
355,Vina,Thomas,331-188-6130,consumer355.contact@gmail.com
356,Arlan,Lone,733-763-8862,consumer356.contact@gmail.com
357,Isadore,Clydie,503-130-7147,consumer357.contact@gmail.com
358,Dionicio,Daniel,234-676-3910,consumer358.contact@yahoo.com
359,Ninnie,Ryan,196-880-5415,consumer359.contact@yahoo.com
360,Hildred,Herb,891-917-6377,consumer360.contact@yahoo.com
361,Fae,Shawnna,145-777-9547,consumer361.contact@yahoo.com
362,Chrissie,Francina,143-436-4197,consumer362.contact@yahoo.com
363,Precious,Corda,650-383-1781,consumer363.contact@gmail.com
364,Junious,Carlyn,103-527-4663,consumer364.contact@gmail.com
365,Eugenie,Jesse,321-809-1480,consumer365.contact@yahoo.com
366,Gunda,Derik,719-762-6105,consumer366.contact@gmail.com
367,Othel,Ronan,359-416-7856,consumer367.contact@gmail.com
368,Marvel,Wilburn,778-661-9568,consumer368.contact@gmail.com
369,Dahlia,Kandy,110-131-1627,consumer369.contact@yahoo.com
370,Babe,Jeremie,173-877-4699,consumer370.contact@gmail.com
371,Shoji,Jay,493-654-6455,consumer371.contact@gmail.com
372,Asher,Hadley,854-112-2525,consumer372.contact@yahoo.com
373,Kendell,Artis,604-164-8440,consumer373.contact@gmail.com
374,Caitlynn,Alvira,350-300-3729,consumer374.contact@yahoo.com
375,Kiera,Annalise,713-895-4402,consumer375.contact@gmail.com
376,India,Brittnee,207-144-3980,consumer376.contact@yahoo.com
377,Watson,Harland,999-811-3971,consumer377.contact@yahoo.com
378,Henretta,Trevion,177-881-8385,consumer378.contact@yahoo.com
379,Ednah,Pascal,769-824-6116,consumer379.contact@yahoo.com
380,Reynolds,Autumn,993-501-6126,consumer380.contact@yahoo.com
381,Treva,Mickey,576-887-7189,consumer381.contact@yahoo.com
382,Maura,Zaiden,266-654-1396,consumer382.contact@yahoo.com
383,Anastasia,Purl,719-226-4873,consumer383.contact@gmail.com
384,Krystal,Marjorie,167-379-4908,consumer384.contact@gmail.com
385,Zola,Obed,363-392-9762,consumer385.contact@gmail.com
386,Lisandro,Nikko,145-116-6462,consumer386.contact@yahoo.com
387,Katy,Aniya,245-955-1753,consumer387.contact@yahoo.com
388,Zelma,Elodie,645-166-7419,consumer388.contact@gmail.com
389,Aryan,Alessandra,981-234-2802,consumer389.contact@gmail.com
390,Candi,Wendell,750-201-9704,consumer390.contact@gmail.com
391,Brock,Kandace,836-594-3454,consumer391.contact@yahoo.com
392,Lanie,Winfield,839-131-4637,consumer392.contact@yahoo.com
393,Hilario,Jax,310-100-2147,consumer393.contact@yahoo.com
394,Mychal,Jasmyne,194-170-1701,consumer394.contact@gmail.com
395,Jerusha,Bulah,888-585-5664,consumer395.contact@gmail.com
396,Nikita,Tremayne,320-247-3006,consumer396.contact@gmail.com
397,Donnell,Leslee,843-171-1984,consumer397.contact@yahoo.com
398,Anika,Raleigh,420-473-8158,consumer398.contact@gmail.com
399,Kelsie,Beatrice,471-907-1371,consumer399.contact@yahoo.com
400,Doyle,Hardy,550-831-9522,consumer400.contact@gmail.com
401,Kirk,Trevor,808-564-3758,consumer401.contact@yahoo.com
402,Bess,Deacon,451-467-4470,consumer402.contact@gmail.com
403,Tommy,Jolie,937-634-6202,consumer403.contact@yahoo.com
404,Leonard,Georgene,732-667-4327,consumer404.contact@gmail.com
405,Zaire,Garold,800-607-9383,consumer405.contact@gmail.com
406,Loreen,Deandra,769-349-1647,consumer406.contact@yahoo.com
407,Shaniqua,Clyda,689-658-4950,consumer407.contact@gmail.com
408,Dorothy,Braiden,569-774-7905,consumer408.contact@yahoo.com
409,Shameka,Chantelle,993-736-7772,consumer409.contact@gmail.com
410,Blanch,Carin,742-712-4536,consumer410.contact@yahoo.com
411,Vicie,Pauletta,430-259-2694,consumer411.contact@gmail.com
412,Karin,Kellee,501-418-2753,consumer412.contact@yahoo.com
413,Reanna,Glynda,101-215-8799,consumer413.contact@yahoo.com
414,Montel,Concepcion,850-532-4985,consumer414.contact@gmail.com
415,Oneal,Garfield,635-789-2994,consumer415.contact@gmail.com
416,Veola,Moriah,370-999-4201,consumer416.contact@yahoo.com
417,Thompson,Yasmin,156-877-4781,consumer417.contact@gmail.com
418,Ermina,Deforest,631-283-7140,consumer418.contact@gmail.com
419,Camisha,Tal,729-331-1454,consumer419.contact@gmail.com
420,Destiny,Erik,782-739-3761,consumer420.contact@gmail.com
421,Liza,Tyrus,644-623-6432,consumer421.contact@yahoo.com
422,Lara,Waneta,351-603-2974,consumer422.contact@yahoo.com
423,Jabbar,Rodrigo,146-875-4549,consumer423.contact@gmail.com
424,Ritchie,Bart,302-304-4246,consumer424.contact@yahoo.com
425,Alva,Acie,921-893-8029,consumer425.contact@yahoo.com
426,Moira,Maxwell,875-158-5184,consumer426.contact@gmail.com
427,Hazelle,Kathie,735-798-2383,consumer427.contact@gmail.com
428,Kali,Suzann,547-180-5342,consumer428.contact@yahoo.com
429,Eleonora,Winston,236-806-8465,consumer429.contact@yahoo.com
430,Mara,Wilda,451-106-8977,consumer430.contact@gmail.com
431,Loree,Aniyah,434-623-3131,consumer431.contact@gmail.com
432,Keyon,Owens,145-849-7822,consumer432.contact@gmail.com
433,Estella,Selina,517-705-5228,consumer433.contact@yahoo.com
434,Kaila,Clarance,529-988-7675,consumer434.contact@gmail.com
435,Stefanie,Dixie,569-154-1851,consumer435.contact@gmail.com
436,Leighton,Stanley,810-692-3271,consumer436.contact@yahoo.com
437,Gertie,Aimee,725-340-5235,consumer437.contact@yahoo.com
438,Shawn,Camden,232-346-3908,consumer438.contact@gmail.com
439,Gustaf,Rhea,394-221-5932,consumer439.contact@yahoo.com
440,Graciela,Peggie,332-628-2909,consumer440.contact@gmail.com
441,Kody,Shelley,248-313-2256,consumer441.contact@yahoo.com
442,Ladonna,Icie,910-608-1923,consumer442.contact@yahoo.com
443,Ann,Ivah,174-651-8623,consumer443.contact@yahoo.com
444,Lauri,Shafter,219-500-2423,consumer444.contact@yahoo.com
445,Mathew,Amit,676-147-7084,consumer445.contact@yahoo.com
446,Retha,Tricia,533-529-6176,consumer446.contact@yahoo.com
447,Kelcie,Danae,150-480-3848,consumer447.contact@gmail.com
448,Keesha,Merlin,190-167-7854,consumer448.contact@yahoo.com
449,Zeke,Lilliana,235-624-9453,consumer449.contact@gmail.com
450,Hobson,Isabel,442-665-6710,consumer450.contact@yahoo.com
451,Jasper,Vivian,380-269-1367,consumer451.contact@gmail.com
452,Brad,Pratt,817-570-8926,consumer452.contact@yahoo.com
453,Dayami,Andy,309-434-3234,consumer453.contact@gmail.com
454,Sharla,Anner,988-209-3675,consumer454.contact@yahoo.com
455,Drew,Cleve,911-347-1325,consumer455.contact@gmail.com
456,Smith,Jessica,840-147-7021,consumer456.contact@gmail.com
457,Keon,Pascal,539-947-3186,consumer457.contact@gmail.com
458,Daren,Dulcie,510-136-2544,consumer458.contact@yahoo.com
459,Ervin,Jorden,417-981-1711,consumer459.contact@yahoo.com
460,Ethen,Inga,311-523-2493,consumer460.contact@gmail.com
461,Carrie,Marianna,405-489-1720,consumer461.contact@yahoo.com
462,Henri,Elyssa,727-182-7496,consumer462.contact@gmail.com
463,Tilda,Cathleen,807-647-8248,consumer463.contact@gmail.com
464,Betsey,Leona,275-409-3377,consumer464.contact@yahoo.com
465,August,Gary,743-420-3170,consumer465.contact@gmail.com
466,Amelie,Shirleen,975-951-3183,consumer466.contact@yahoo.com
467,Kalie,Fronia,617-103-9224,consumer467.contact@gmail.com
468,Dayne,Jocelynn,927-768-4955,consumer468.contact@yahoo.com
469,Kaycee,Chaz,759-487-5729,consumer469.contact@gmail.com
470,Garett,Kenna,107-683-7608,consumer470.contact@gmail.com
471,Christ,Parker,610-710-3026,consumer471.contact@gmail.com
472,Lary,Jamey,311-833-1602,consumer472.contact@yahoo.com
473,Lolla,Durrell,985-794-5971,consumer473.contact@yahoo.com
474,Alexys,Randy,537-394-7190,consumer474.contact@yahoo.com
475,Jeannie,Odile,688-924-4365,consumer475.contact@yahoo.com
476,Marcy,Johnathon,882-466-4476,consumer476.contact@gmail.com
477,Deegan,Ezequiel,114-272-8637,consumer477.contact@yahoo.com
478,Gustavus,Judah,565-453-7411,consumer478.contact@yahoo.com
479,Khari,Isabell,871-444-6784,consumer479.contact@gmail.com
480,Georgine,Vance,712-777-6463,consumer480.contact@gmail.com
481,Mia,Eliana,755-560-1820,consumer481.contact@yahoo.com
482,Constance,Darrien,237-498-1216,consumer482.contact@yahoo.com
483,Enrico,Therese,900-126-2948,consumer483.contact@gmail.com
484,Bernie,Heaven,661-770-3506,consumer484.contact@yahoo.com
485,Keandre,Colie,289-291-5532,consumer485.contact@gmail.com
486,Windy,Margery,502-137-1898,consumer486.contact@yahoo.com
487,Ardell,Monroe,797-177-1947,consumer487.contact@yahoo.com
488,Alicia,Irving,785-433-6688,consumer488.contact@yahoo.com
489,Florance,Dee,758-785-2241,consumer489.contact@yahoo.com
490,Sarai,Douglas,752-859-3196,consumer490.contact@yahoo.com
491,Shakira,Male,325-435-9194,consumer491.contact@gmail.com
492,Tameka,Alba,275-218-8643,consumer492.contact@gmail.com
493,Daryle,Maggie,628-218-9643,consumer493.contact@yahoo.com
494,Walt,Pauletta,835-524-5456,consumer494.contact@gmail.com
495,Laurette,Reinhold,313-594-3234,consumer495.contact@gmail.com
496,Mathias,Lazaro,872-458-8403,consumer496.contact@yahoo.com
497,Albert,Lizabeth,557-606-7325,consumer497.contact@gmail.com
498,Pablo,Roseanne,869-883-3353,consumer498.contact@gmail.com
499,Wilfrid,Pershing,742-113-7723,consumer499.contact@yahoo.com
500,Alan,Roswell,670-205-6510,consumer500.contact@gmail.com
501,Rian,Orrie,598-210-6649,consumer501.contact@gmail.com
502,Chanelle,Ovid,649-107-3099,consumer502.contact@yahoo.com
503,Clemente,Oscar,191-852-8439,consumer503.contact@yahoo.com
504,Javen,Tanner,413-117-5147,consumer504.contact@gmail.com
505,Rafe,Grayling,954-424-3574,consumer505.contact@yahoo.com
506,Luciana,Oliver,581-856-2983,consumer506.contact@gmail.com
507,Carmine,Milly,724-730-2714,consumer507.contact@yahoo.com
508,Ether,Bambi,365-292-7539,consumer508.contact@gmail.com
509,Micah,Jerri,695-214-4614,consumer509.contact@yahoo.com
510,Grisel,Stormy,356-410-4294,consumer510.contact@gmail.com
511,Malakai,Adriel,495-790-2385,consumer511.contact@gmail.com
512,Lynn,Wilmer,709-756-5041,consumer512.contact@yahoo.com
513,Thurston,Maryellen,728-767-9135,consumer513.contact@yahoo.com
514,Siobhan,Ina,497-593-5275,consumer514.contact@yahoo.com
515,Darell,Ardella,605-622-8455,consumer515.contact@gmail.com
516,Savion,Sedrick,725-406-8898,consumer516.contact@yahoo.com
517,Gunnar,Jefferson,149-530-6131,consumer517.contact@yahoo.com
518,Martika,Kyla,612-979-1111,consumer518.contact@yahoo.com
519,Brooks,Ernestina,821-973-6334,consumer519.contact@gmail.com
520,Collis,Jacqueline,998-470-1156,consumer520.contact@yahoo.com
521,Kari,Malachi,570-585-5829,consumer521.contact@yahoo.com
522,Kyree,Anson,652-339-8495,consumer522.contact@yahoo.com
523,Jalen,Mike,297-231-9376,consumer523.contact@yahoo.com
524,Oma,Estela,712-788-5521,consumer524.contact@gmail.com
525,Alondra,Shatara,451-698-6060,consumer525.contact@yahoo.com
526,Nanna,Pamella,111-434-2196,consumer526.contact@gmail.com
527,Hobert,Martell,922-896-2696,consumer527.contact@yahoo.com
528,Evertt,Danelle,677-330-4070,consumer528.contact@gmail.com
529,Theophile,Jalen,609-486-9501,consumer529.contact@gmail.com
530,Icey,Dandre,686-390-3161,consumer530.contact@yahoo.com
531,Raekwon,Ebenezer,720-108-3149,consumer531.contact@yahoo.com
532,Estefany,Deetta,515-317-3352,consumer532.contact@yahoo.com
533,Tracey,Olive,358-987-7134,consumer533.contact@gmail.com
534,Madilyn,Lem,987-703-9149,consumer534.contact@gmail.com
535,Lyndsey,Evans,670-490-9622,consumer535.contact@gmail.com
536,Huy,Yoshiko,646-409-8619,consumer536.contact@yahoo.com
537,Sofia,Phoebe,403-434-9449,consumer537.contact@gmail.com
538,Marcus,Deegan,182-701-1058,consumer538.contact@yahoo.com
539,Buster,Phil,135-994-6937,consumer539.contact@gmail.com
540,Kadin,Bebe,346-749-2777,consumer540.contact@yahoo.com
541,Marlo,Kathlyn,756-339-7908,consumer541.contact@gmail.com
542,Caroline,Matthew,218-167-3429,consumer542.contact@yahoo.com
543,Levin,Phyllis,691-541-5767,consumer543.contact@gmail.com
544,Wayne,Christine,799-694-2277,consumer544.contact@yahoo.com
545,Verne,Leana,990-772-2697,consumer545.contact@gmail.com
546,Zara,Dallas,284-310-7530,consumer546.contact@gmail.com
547,Janice,Graciela,300-871-2023,consumer547.contact@yahoo.com
548,Sheila,Maryanne,110-391-4865,consumer548.contact@yahoo.com
549,Hildred,Isaak,167-788-3394,consumer549.contact@yahoo.com
550,Rico,Esequiel,896-198-5320,consumer550.contact@gmail.com
551,Bess,Blanchard,790-300-2687,consumer551.contact@gmail.com
552,Volney,Margurite,998-657-2539,consumer552.contact@yahoo.com
553,Bertram,Elba,794-776-2077,consumer553.contact@yahoo.com
554,Marget,Sonny,748-406-5380,consumer554.contact@gmail.com
555,Aline,Susan,540-193-5326,consumer555.contact@yahoo.com
556,Debera,Beverly,256-166-3319,consumer556.contact@gmail.com
557,Ansel,Georgie,283-323-8727,consumer557.contact@gmail.com
558,Leoma,Thresa,962-520-1624,consumer558.contact@gmail.com
559,Hulda,Eliza,819-555-1144,consumer559.contact@yahoo.com
560,Calla,Isabelle,672-998-1141,consumer560.contact@gmail.com
561,Tyreese,Earnest,433-938-2454,consumer561.contact@yahoo.com
562,Oneida,Lyndon,363-399-7889,consumer562.contact@yahoo.com
563,Hobson,Burr,289-594-6945,consumer563.contact@gmail.com
564,Linden,Owens,642-723-4392,consumer564.contact@yahoo.com
565,Shenna,Bliss,776-946-9840,consumer565.contact@gmail.com
566,Gibson,Leisa,274-762-8861,consumer566.contact@yahoo.com
567,Gordon,Alexandria,986-100-4028,consumer567.contact@yahoo.com
568,Rolland,Lavona,578-502-3669,consumer568.contact@gmail.com
569,Caiden,Robb,608-248-5666,consumer569.contact@gmail.com
570,Duard,Anastasia,811-788-8301,consumer570.contact@yahoo.com
571,Robin,Dellia,736-863-8243,consumer571.contact@gmail.com
572,Emmer,Denisse,905-311-3392,consumer572.contact@gmail.com
573,Yoel,Blain,394-579-5656,consumer573.contact@gmail.com
574,Josiah,Truman,620-774-9941,consumer574.contact@yahoo.com
575,Ciji,Christena,559-145-7022,consumer575.contact@yahoo.com
576,Amare,Rosco,738-421-2497,consumer576.contact@yahoo.com
577,Chuck,Sing,246-300-2818,consumer577.contact@yahoo.com
578,Robley,Shana,205-312-7636,consumer578.contact@yahoo.com
579,Rosalyn,Harlen,304-792-9621,consumer579.contact@gmail.com
580,Deangelo,Filomena,297-208-8032,consumer580.contact@gmail.com
581,Kinte,Fed,669-600-4965,consumer581.contact@yahoo.com
582,Vidal,Yulissa,714-570-3281,consumer582.contact@yahoo.com
583,Fawn,Dahlia,877-632-9508,consumer583.contact@gmail.com
584,Dave,Otto,709-908-5329,consumer584.contact@yahoo.com
585,Jedidiah,Lucinda,101-881-7882,consumer585.contact@yahoo.com
586,Grafton,Lemuel,135-588-1211,consumer586.contact@yahoo.com
587,Obed,Philomene,595-909-5341,consumer587.contact@yahoo.com
588,Koby,Tayler,462-118-5789,consumer588.contact@yahoo.com
589,Leaner,Mozella,784-271-6402,consumer589.contact@gmail.com
590,Bess,Lindy,444-350-6015,consumer590.contact@yahoo.com
591,Carry,Tempie,176-268-8011,consumer591.contact@yahoo.com
592,Maxwell,Novella,348-230-3727,consumer592.contact@gmail.com
593,Cristy,Fenton,984-449-7345,consumer593.contact@gmail.com
594,Danica,Marina,824-917-1470,consumer594.contact@yahoo.com
595,Taj,Gino,527-783-1738,consumer595.contact@yahoo.com
596,Domonique,Bev,198-157-3128,consumer596.contact@gmail.com
597,Harrison,Gracie,664-967-4939,consumer597.contact@gmail.com
598,Stetson,Leatrice,829-790-9406,consumer598.contact@yahoo.com
599,Amiyah,Ennis,570-347-5929,consumer599.contact@gmail.com
600,Alvia,Lynnette,277-722-6052,consumer600.contact@yahoo.com
601,Dovie,Lavelle,685-829-4770,consumer601.contact@yahoo.com
602,Don,Giancarlo,375-166-3151,consumer602.contact@gmail.com
603,Humberto,Maximilian,618-831-6974,consumer603.contact@yahoo.com
604,Adrain,Mila,349-340-3660,consumer604.contact@yahoo.com
605,Sylvania,Dow,645-888-9198,consumer605.contact@gmail.com
606,Kizzy,Porsha,530-523-6506,consumer606.contact@gmail.com
607,Ronin,Shanelle,400-369-6775,consumer607.contact@gmail.com
608,Kelly,Rian,448-638-4944,consumer608.contact@yahoo.com
609,Alysa,Jeramie,957-577-2102,consumer609.contact@yahoo.com
610,Ama,Duff,453-918-8912,consumer610.contact@yahoo.com
611,Shirleen,Bena,483-936-1063,consumer611.contact@gmail.com
612,Cherie,Aric,743-996-5051,consumer612.contact@gmail.com
613,Devyn,Syreeta,781-886-3653,consumer613.contact@yahoo.com
614,Allene,Aili,483-806-4280,consumer614.contact@gmail.com
615,Leitha,Shelly,717-224-3630,consumer615.contact@gmail.com
616,Bambi,Jaimee,784-605-2357,consumer616.contact@yahoo.com
617,Sherree,Karren,726-999-6761,consumer617.contact@gmail.com
618,Alphonso,Herschel,354-310-4238,consumer618.contact@yahoo.com
619,Cherrelle,Wing,345-709-4032,consumer619.contact@gmail.com
620,Keena,Joel,141-491-4168,consumer620.contact@yahoo.com
621,Adin,Marely,750-896-2717,consumer621.contact@yahoo.com
622,Shavon,Harvy,471-423-8176,consumer622.contact@gmail.com
623,Demetrius,Fred,196-215-6598,consumer623.contact@gmail.com
624,Timmie,Claudio,924-896-6910,consumer624.contact@gmail.com
625,Gilbert,Tyshawn,128-241-1557,consumer625.contact@yahoo.com
626,Horacio,Olaf,257-200-9141,consumer626.contact@yahoo.com
627,Mia,Docia,340-296-3634,consumer627.contact@gmail.com
628,Gilman,Kaia,230-150-4667,consumer628.contact@gmail.com
629,Emett,Erlinda,997-655-2796,consumer629.contact@yahoo.com
630,Delia,Vertie,430-145-8362,consumer630.contact@gmail.com
631,Lindsay,Bart,585-598-4436,consumer631.contact@yahoo.com
632,Maegan,Montie,327-189-2655,consumer632.contact@yahoo.com
633,Lyndsay,Arvil,912-482-9473,consumer633.contact@gmail.com
634,Ott,Rayfield,337-803-1467,consumer634.contact@yahoo.com
635,Fronie,Fred,123-187-1673,consumer635.contact@gmail.com
636,Dwan,Delila,807-771-2033,consumer636.contact@gmail.com
637,Levy,Jarod,989-946-3941,consumer637.contact@yahoo.com
638,Ivy,Suzy,534-795-6706,consumer638.contact@gmail.com
639,Betsy,Inger,344-698-2565,consumer639.contact@gmail.com
640,Shelby,Duard,283-142-4760,consumer640.contact@gmail.com
641,Anissa,Janis,150-528-4887,consumer641.contact@yahoo.com
642,Oline,Maryam,192-438-2549,consumer642.contact@gmail.com
643,Akeelah,Diego,417-827-4969,consumer643.contact@yahoo.com
644,Lillia,Solon,972-389-7940,consumer644.contact@yahoo.com
645,Dorris,Carleton,856-670-5945,consumer645.contact@gmail.com
646,Johnathon,Missouri,542-559-1466,consumer646.contact@yahoo.com
647,Anaya,Kaley,754-253-7302,consumer647.contact@yahoo.com
648,Maudie,Tobe,668-211-3987,consumer648.contact@yahoo.com
649,Lolla,Callie,764-828-6001,consumer649.contact@yahoo.com
650,Raheem,Iyana,199-894-6700,consumer650.contact@gmail.com
651,Cleave,Pollie,221-954-7736,consumer651.contact@yahoo.com
652,Tony,Alois,715-401-7802,consumer652.contact@gmail.com
653,Othel,Damon,820-123-9637,consumer653.contact@yahoo.com
654,Pamella,Ica,978-407-8636,consumer654.contact@yahoo.com
655,Kadeem,Leopoldo,869-523-4448,consumer655.contact@yahoo.com
656,Brea,Lavinia,315-426-2491,consumer656.contact@gmail.com
657,Davion,Evertt,910-784-7812,consumer657.contact@yahoo.com
658,Racquel,Kenia,255-648-3673,consumer658.contact@yahoo.com
659,Ryne,Mona,164-226-1836,consumer659.contact@gmail.com
660,Selina,Enid,432-251-6884,consumer660.contact@gmail.com
661,Elzy,Emerald,292-734-7666,consumer661.contact@gmail.com
662,Shanequa,Regena,784-548-5612,consumer662.contact@yahoo.com
663,Joseph,Latonia,296-622-4229,consumer663.contact@gmail.com
664,Pearline,Orpha,102-649-8410,consumer664.contact@gmail.com
665,Chrystal,Mignon,306-640-9684,consumer665.contact@yahoo.com
666,Myrl,Press,632-830-1497,consumer666.contact@gmail.com
667,Tawny,Arvilla,521-379-9163,consumer667.contact@gmail.com
668,Hans,Felicia,602-744-5547,consumer668.contact@gmail.com
669,Lossie,Thekla,883-213-1278,consumer669.contact@gmail.com
670,Offie,Dedrick,644-153-3136,consumer670.contact@gmail.com
671,Stefan,Hideo,166-370-2208,consumer671.contact@gmail.com
672,Emmit,Sonya,927-256-7933,consumer672.contact@yahoo.com
673,Arielle,Fatima,481-224-3334,consumer673.contact@gmail.com
674,Ursula,Williemae,128-184-5303,consumer674.contact@gmail.com
675,Cherish,Virginia,976-430-5653,consumer675.contact@gmail.com
676,Brett,Deidre,297-773-3137,consumer676.contact@yahoo.com
677,Floretta,Boyce,761-307-9795,consumer677.contact@gmail.com
678,Myrna,Alethea,318-401-9170,consumer678.contact@gmail.com
679,Lurena,Ryley,181-933-8773,consumer679.contact@gmail.com
680,Yancy,Irvine,941-381-6782,consumer680.contact@yahoo.com
681,Earnest,Phillis,883-113-5033,consumer681.contact@gmail.com
682,Leander,Ebony,261-875-8369,consumer682.contact@gmail.com
683,Emery,Wilkie,398-515-2113,consumer683.contact@gmail.com
684,Cori,Delora,204-987-4248,consumer684.contact@gmail.com
685,Alec,Cornell,294-171-4270,consumer685.contact@gmail.com
686,Woodson,Jobe,417-752-6998,consumer686.contact@yahoo.com
687,Theta,Ruie,214-443-5569,consumer687.contact@gmail.com
688,Christel,Rakeem,106-760-8912,consumer688.contact@gmail.com
689,Alcide,Dakoda,754-529-7624,consumer689.contact@gmail.com
690,Ardath,Celie,735-590-3834,consumer690.contact@yahoo.com
691,Hartwell,Daisie,568-198-1464,consumer691.contact@gmail.com
692,Lavonne,Annabel,838-738-1671,consumer692.contact@gmail.com
693,Roby,Bynum,124-597-6394,consumer693.contact@yahoo.com
694,Abbey,Deanna,149-284-7222,consumer694.contact@gmail.com
695,Manervia,Clearence,427-481-4500,consumer695.contact@yahoo.com
696,Clarabelle,Alvah,491-604-9644,consumer696.contact@yahoo.com
697,Leola,Enzo,184-216-7596,consumer697.contact@yahoo.com
698,Hassan,Laney,268-852-7447,consumer698.contact@yahoo.com
699,Adelyn,Danniel,756-584-6611,consumer699.contact@gmail.com
